state,yr,qtr,index_sa
AK,1991,1,100.00
AK,1991,2,100.21
AK,1991,3,101.17
AK,1991,4,101.75
AK,1992,1,102.23
AK,1992,2,103.38
AK,1992,3,103.99
AK,1992,4,104.16
AK,1993,1,104.60
AK,1993,2,106.36
AK,1993,3,107.43
AK,1993,4,110.36
AK,1994,1,110.64
AK,1994,2,110.63
AK,1994,3,111.95
AK,1994,4,111.15
AK,1995,1,114.26
AK,1995,2,115.59
AK,1995,3,116.97
AK,1995,4,117.57
AK,1996,1,120.27
AK,1996,2,120.04
AK,1996,3,119.89
AK,1996,4,123.11
AK,1997,1,123.16
AK,1997,2,123.59
AK,1997,3,124.43
AK,1997,4,125.41
AK,1998,1,125.62
AK,1998,2,127.93
AK,1998,3,128.97
AK,1998,4,130.84
AK,1999,1,131.79
AK,1999,2,132.48
AK,1999,3,133.21
AK,1999,4,130.94
AK,2000,1,133.21
AK,2000,2,135.39
AK,2000,3,136.33
AK,2000,4,136.70
AK,2001,1,139.77
AK,2001,2,142.63
AK,2001,3,145.21
AK,2001,4,148.16
AK,2002,1,148.90
AK,2002,2,151.61
AK,2002,3,155.58
AK,2002,4,156.89
AK,2003,1,160.33
AK,2003,2,162.57
AK,2003,3,164.31
AK,2003,4,170.82
AK,2004,1,175.30
AK,2004,2,177.07
AK,2004,3,182.84
AK,2004,4,187.63
AK,2005,1,193.10
AK,2005,2,197.02
AK,2005,3,204.06
AK,2005,4,207.43
AK,2006,1,211.81
AK,2006,2,215.93
AK,2006,3,217.71
AK,2006,4,219.69
AK,2007,1,222.54
AK,2007,2,226.26
AK,2007,3,223.65
AK,2007,4,221.83
AK,2008,1,217.31
AK,2008,2,223.23
AK,2008,3,221.61
AK,2008,4,225.30
AK,2009,1,225.35
AK,2009,2,216.38
AK,2009,3,214.44
AK,2009,4,215.43
AK,2010,1,215.37
AK,2010,2,219.53
AK,2010,3,223.02
AK,2010,4,220.17
AK,2011,1,225.15
AK,2011,2,224.71
AK,2011,3,223.85
AK,2011,4,224.55
AK,2012,1,217.21
AK,2012,2,226.29
AK,2012,3,226.57
AK,2012,4,228.50
AK,2013,1,230.09
AK,2013,2,232.91
AK,2013,3,233.59
AK,2013,4,234.02
AL,1991,1,100.00
AL,1991,2,101.29
AL,1991,3,102.01
AL,1991,4,102.80
AL,1992,1,104.32
AL,1992,2,104.34
AL,1992,3,106.25
AL,1992,4,107.92
AL,1993,1,109.10
AL,1993,2,109.70
AL,1993,3,111.46
AL,1993,4,112.78
AL,1994,1,114.15
AL,1994,2,115.92
AL,1994,3,116.49
AL,1994,4,117.59
AL,1995,1,118.40
AL,1995,2,119.17
AL,1995,3,120.88
AL,1995,4,121.60
AL,1996,1,122.73
AL,1996,2,124.65
AL,1996,3,125.15
AL,1996,4,126.48
AL,1997,1,127.74
AL,1997,2,127.68
AL,1997,3,129.28
AL,1997,4,129.50
AL,1998,1,130.80
AL,1998,2,132.23
AL,1998,3,133.68
AL,1998,4,135.52
AL,1999,1,136.31
AL,1999,2,137.36
AL,1999,3,138.16
AL,1999,4,139.72
AL,2000,1,141.06
AL,2000,2,141.78
AL,2000,3,142.35
AL,2000,4,142.83
AL,2001,1,144.27
AL,2001,2,145.55
AL,2001,3,146.36
AL,2001,4,147.53
AL,2002,1,148.83
AL,2002,2,149.94
AL,2002,3,150.84
AL,2002,4,153.39
AL,2003,1,154.33
AL,2003,2,156.02
AL,2003,3,158.80
AL,2003,4,159.21
AL,2004,1,160.57
AL,2004,2,163.01
AL,2004,3,166.56
AL,2004,4,168.64
AL,2005,1,171.93
AL,2005,2,174.37
AL,2005,3,178.05
AL,2005,4,183.06
AL,2006,1,187.68
AL,2006,2,191.14
AL,2006,3,193.84
AL,2006,4,196.85
AL,2007,1,198.74
AL,2007,2,201.03
AL,2007,3,200.88
AL,2007,4,201.33
AL,2008,1,199.82
AL,2008,2,198.17
AL,2008,3,195.11
AL,2008,4,192.78
AL,2009,1,193.89
AL,2009,2,192.86
AL,2009,3,187.64
AL,2009,4,195.62
AL,2010,1,186.26
AL,2010,2,182.79
AL,2010,3,181.29
AL,2010,4,176.32
AL,2011,1,172.97
AL,2011,2,171.65
AL,2011,3,172.90
AL,2011,4,173.72
AL,2012,1,177.13
AL,2012,2,180.31
AL,2012,3,177.28
AL,2012,4,181.58
AL,2013,1,181.86
AL,2013,2,184.57
AL,2013,3,186.78
AL,2013,4,188.00
AR,1991,1,100.00
AR,1991,2,100.46
AR,1991,3,101.64
AR,1991,4,103.17
AR,1992,1,103.02
AR,1992,2,103.89
AR,1992,3,104.94
AR,1992,4,105.83
AR,1993,1,107.72
AR,1993,2,109.57
AR,1993,3,111.66
AR,1993,4,111.92
AR,1994,1,115.49
AR,1994,2,116.40
AR,1994,3,117.03
AR,1994,4,119.70
AR,1995,1,119.41
AR,1995,2,121.28
AR,1995,3,123.25
AR,1995,4,123.74
AR,1996,1,124.67
AR,1996,2,125.67
AR,1996,3,125.42
AR,1996,4,126.46
AR,1997,1,127.57
AR,1997,2,127.96
AR,1997,3,128.71
AR,1997,4,129.60
AR,1998,1,130.06
AR,1998,2,129.60
AR,1998,3,132.71
AR,1998,4,133.00
AR,1999,1,134.25
AR,1999,2,135.39
AR,1999,3,136.38
AR,1999,4,137.61
AR,2000,1,137.73
AR,2000,2,140.04
AR,2000,3,140.35
AR,2000,4,141.66
AR,2001,1,143.53
AR,2001,2,143.73
AR,2001,3,145.70
AR,2001,4,146.52
AR,2002,1,147.85
AR,2002,2,150.33
AR,2002,3,151.42
AR,2002,4,153.16
AR,2003,1,155.26
AR,2003,2,157.11
AR,2003,3,160.25
AR,2003,4,161.95
AR,2004,1,165.35
AR,2004,2,167.89
AR,2004,3,170.39
AR,2004,4,173.50
AR,2005,1,176.10
AR,2005,2,178.54
AR,2005,3,182.04
AR,2005,4,185.70
AR,2006,1,188.16
AR,2006,2,190.53
AR,2006,3,191.83
AR,2006,4,193.33
AR,2007,1,193.72
AR,2007,2,195.66
AR,2007,3,195.24
AR,2007,4,194.81
AR,2008,1,191.56
AR,2008,2,189.63
AR,2008,3,189.01
AR,2008,4,186.57
AR,2009,1,185.02
AR,2009,2,184.64
AR,2009,3,185.24
AR,2009,4,190.80
AR,2010,1,178.72
AR,2010,2,184.12
AR,2010,3,178.72
AR,2010,4,176.47
AR,2011,1,178.21
AR,2011,2,174.30
AR,2011,3,176.63
AR,2011,4,180.93
AR,2012,1,180.58
AR,2012,2,184.36
AR,2012,3,183.92
AR,2012,4,185.75
AR,2013,1,188.52
AR,2013,2,189.71
AR,2013,3,190.44
AR,2013,4,186.67
AZ,1991,1,100.00
AZ,1991,2,100.34
AZ,1991,3,99.29
AZ,1991,4,101.49
AZ,1992,1,102.13
AZ,1992,2,101.45
AZ,1992,3,102.73
AZ,1992,4,103.14
AZ,1993,1,104.12
AZ,1993,2,105.22
AZ,1993,3,106.61
AZ,1993,4,108.63
AZ,1994,1,109.95
AZ,1994,2,112.32
AZ,1994,3,113.77
AZ,1994,4,115.78
AZ,1995,1,117.31
AZ,1995,2,118.34
AZ,1995,3,120.46
AZ,1995,4,121.40
AZ,1996,1,123.22
AZ,1996,2,124.37
AZ,1996,3,125.51
AZ,1996,4,126.10
AZ,1997,1,127.39
AZ,1997,2,128.85
AZ,1997,3,129.93
AZ,1997,4,131.11
AZ,1998,1,132.37
AZ,1998,2,134.89
AZ,1998,3,136.87
AZ,1998,4,138.51
AZ,1999,1,140.82
AZ,1999,2,142.60
AZ,1999,3,145.06
AZ,1999,4,147.05
AZ,2000,1,149.39
AZ,2000,2,151.15
AZ,2000,3,152.88
AZ,2000,4,155.72
AZ,2001,1,157.89
AZ,2001,2,160.52
AZ,2001,3,162.47
AZ,2001,4,165.65
AZ,2002,1,166.97
AZ,2002,2,169.54
AZ,2002,3,172.44
AZ,2002,4,176.35
AZ,2003,1,179.89
AZ,2003,2,182.93
AZ,2003,3,186.69
AZ,2003,4,193.01
AZ,2004,1,199.16
AZ,2004,2,205.71
AZ,2004,3,216.28
AZ,2004,4,229.00
AZ,2005,1,244.87
AZ,2005,2,268.66
AZ,2005,3,289.40
AZ,2005,4,303.90
AZ,2006,1,314.97
AZ,2006,2,318.63
AZ,2006,3,314.45
AZ,2006,4,320.84
AZ,2007,1,318.78
AZ,2007,2,313.69
AZ,2007,3,306.38
AZ,2007,4,291.16
AZ,2008,1,277.62
AZ,2008,2,261.96
AZ,2008,3,242.95
AZ,2008,4,226.26
AZ,2009,1,217.13
AZ,2009,2,203.20
AZ,2009,3,200.20
AZ,2009,4,197.61
AZ,2010,1,191.22
AZ,2010,2,186.87
AZ,2010,3,179.43
AZ,2010,4,171.40
AZ,2011,1,167.82
AZ,2011,2,162.08
AZ,2011,3,162.35
AZ,2011,4,167.40
AZ,2012,1,173.54
AZ,2012,2,183.51
AZ,2012,3,194.20
AZ,2012,4,201.70
AZ,2013,1,206.31
AZ,2013,2,217.97
AZ,2013,3,223.96
AZ,2013,4,232.39
CA,1991,1,100.00
CA,1991,2,99.24
CA,1991,3,98.85
CA,1991,4,99.23
CA,1992,1,99.05
CA,1992,2,97.62
CA,1992,3,97.03
CA,1992,4,95.56
CA,1993,1,93.71
CA,1993,2,92.62
CA,1993,3,90.74
CA,1993,4,89.96
CA,1994,1,88.86
CA,1994,2,88.16
CA,1994,3,87.64
CA,1994,4,86.77
CA,1995,1,86.28
CA,1995,2,85.61
CA,1995,3,85.51
CA,1995,4,85.10
CA,1996,1,85.06
CA,1996,2,84.63
CA,1996,3,84.74
CA,1996,4,85.25
CA,1997,1,84.82
CA,1997,2,86.31
CA,1997,3,87.40
CA,1997,4,88.93
CA,1998,1,90.96
CA,1998,2,93.65
CA,1998,3,95.73
CA,1998,4,98.06
CA,1999,1,100.58
CA,1999,2,102.94
CA,1999,3,105.34
CA,1999,4,108.34
CA,2000,1,111.75
CA,2000,2,115.12
CA,2000,3,118.89
CA,2000,4,123.73
CA,2001,1,127.99
CA,2001,2,131.44
CA,2001,3,134.30
CA,2001,4,137.95
CA,2002,1,142.55
CA,2002,2,148.73
CA,2002,3,155.52
CA,2002,4,161.62
CA,2003,1,167.74
CA,2003,2,173.78
CA,2003,3,180.84
CA,2003,4,191.52
CA,2004,1,201.44
CA,2004,2,213.76
CA,2004,3,227.92
CA,2004,4,239.70
CA,2005,1,252.34
CA,2005,2,264.83
CA,2005,3,276.81
CA,2005,4,283.67
CA,2006,1,286.67
CA,2006,2,284.79
CA,2006,3,278.88
CA,2006,4,273.65
CA,2007,1,273.14
CA,2007,2,266.48
CA,2007,3,252.69
CA,2007,4,234.87
CA,2008,1,214.44
CA,2008,2,194.25
CA,2008,3,181.68
CA,2008,4,171.50
CA,2009,1,165.53
CA,2009,2,163.38
CA,2009,3,166.10
CA,2009,4,168.10
CA,2010,1,168.15
CA,2010,2,166.89
CA,2010,3,163.19
CA,2010,4,159.60
CA,2011,1,155.90
CA,2011,2,152.99
CA,2011,3,152.18
CA,2011,4,152.83
CA,2012,1,154.64
CA,2012,2,160.25
CA,2012,3,162.97
CA,2012,4,171.37
CA,2013,1,180.88
CA,2013,2,191.08
CA,2013,3,199.79
CA,2013,4,204.78
CO,1991,1,100.00
CO,1991,2,100.07
CO,1991,3,101.19
CO,1991,4,103.02
CO,1992,1,105.36
CO,1992,2,107.83
CO,1992,3,109.77
CO,1992,4,113.50
CO,1993,1,115.61
CO,1993,2,119.33
CO,1993,3,123.70
CO,1993,4,127.87
CO,1994,1,132.00
CO,1994,2,135.75
CO,1994,3,138.21
CO,1994,4,140.21
CO,1995,1,142.00
CO,1995,2,143.61
CO,1995,3,146.09
CO,1995,4,148.27
CO,1996,1,150.05
CO,1996,2,152.02
CO,1996,3,153.48
CO,1996,4,155.94
CO,1997,1,157.25
CO,1997,2,159.24
CO,1997,3,161.23
CO,1997,4,163.50
CO,1998,1,166.16
CO,1998,2,168.72
CO,1998,3,171.66
CO,1998,4,175.87
CO,1999,1,179.78
CO,1999,2,184.52
CO,1999,3,190.59
CO,1999,4,194.68
CO,2000,1,200.22
CO,2000,2,205.57
CO,2000,3,211.61
CO,2000,4,217.29
CO,2001,1,223.82
CO,2001,2,227.03
CO,2001,3,228.82
CO,2001,4,230.63
CO,2002,1,234.32
CO,2002,2,234.91
CO,2002,3,237.58
CO,2002,4,240.03
CO,2003,1,240.82
CO,2003,2,241.52
CO,2003,3,243.02
CO,2003,4,245.33
CO,2004,1,247.62
CO,2004,2,251.44
CO,2004,3,254.17
CO,2004,4,255.31
CO,2005,1,260.56
CO,2005,2,262.75
CO,2005,3,265.94
CO,2005,4,271.33
CO,2006,1,272.55
CO,2006,2,273.51
CO,2006,3,275.07
CO,2006,4,278.62
CO,2007,1,278.91
CO,2007,2,278.75
CO,2007,3,278.42
CO,2007,4,275.25
CO,2008,1,271.79
CO,2008,2,271.23
CO,2008,3,268.15
CO,2008,4,261.97
CO,2009,1,266.86
CO,2009,2,267.37
CO,2009,3,266.79
CO,2009,4,266.34
CO,2010,1,269.47
CO,2010,2,264.72
CO,2010,3,259.43
CO,2010,4,263.31
CO,2011,1,258.17
CO,2011,2,256.08
CO,2011,3,259.89
CO,2011,4,257.97
CO,2012,1,259.45
CO,2012,2,270.90
CO,2012,3,275.78
CO,2012,4,283.59
CO,2013,1,290.60
CO,2013,2,297.11
CO,2013,3,303.91
CO,2013,4,309.39
CT,1991,1,100.00
CT,1991,2,98.02
CT,1991,3,96.27
CT,1991,4,95.84
CT,1992,1,97.40
CT,1992,2,95.35
CT,1992,3,94.18
CT,1992,4,95.34
CT,1993,1,92.61
CT,1993,2,91.74
CT,1993,3,91.44
CT,1993,4,91.41
CT,1994,1,91.49
CT,1994,2,91.88
CT,1994,3,91.80
CT,1994,4,91.49
CT,1995,1,90.95
CT,1995,2,90.39
CT,1995,3,90.80
CT,1995,4,90.86
CT,1996,1,91.22
CT,1996,2,91.51
CT,1996,3,90.92
CT,1996,4,90.77
CT,1997,1,91.39
CT,1997,2,92.12
CT,1997,3,92.56
CT,1997,4,93.38
CT,1998,1,94.15
CT,1998,2,95.68
CT,1998,3,97.60
CT,1998,4,99.70
CT,1999,1,102.04
CT,1999,2,103.88
CT,1999,3,105.98
CT,1999,4,108.26
CT,2000,1,110.99
CT,2000,2,113.79
CT,2000,3,115.46
CT,2000,4,118.17
CT,2001,1,121.23
CT,2001,2,124.13
CT,2001,3,127.81
CT,2001,4,130.49
CT,2002,1,133.47
CT,2002,2,137.74
CT,2002,3,141.73
CT,2002,4,146.77
CT,2003,1,150.18
CT,2003,2,152.67
CT,2003,3,156.52
CT,2003,4,160.44
CT,2004,1,164.51
CT,2004,2,169.86
CT,2004,3,175.52
CT,2004,4,179.55
CT,2005,1,184.02
CT,2005,2,188.16
CT,2005,3,191.94
CT,2005,4,195.51
CT,2006,1,198.15
CT,2006,2,198.38
CT,2006,3,195.90
CT,2006,4,196.30
CT,2007,1,199.60
CT,2007,2,197.25
CT,2007,3,197.23
CT,2007,4,195.18
CT,2008,1,192.05
CT,2008,2,189.33
CT,2008,3,185.81
CT,2008,4,182.68
CT,2009,1,182.25
CT,2009,2,177.63
CT,2009,3,176.38
CT,2009,4,175.54
CT,2010,1,174.31
CT,2010,2,173.09
CT,2010,3,170.71
CT,2010,4,169.06
CT,2011,1,168.97
CT,2011,2,168.67
CT,2011,3,165.88
CT,2011,4,165.26
CT,2012,1,163.46
CT,2012,2,162.84
CT,2012,3,165.28
CT,2012,4,164.65
CT,2013,1,163.85
CT,2013,2,166.79
CT,2013,3,168.01
CT,2013,4,166.54
DC,1991,1,100.00
DC,1991,2,100.42
DC,1991,3,98.09
DC,1991,4,99.89
DC,1992,1,100.85
DC,1992,2,99.71
DC,1992,3,101.13
DC,1992,4,100.04
DC,1993,1,94.00
DC,1993,2,97.82
DC,1993,3,97.51
DC,1993,4,92.94
DC,1994,1,96.17
DC,1994,2,98.15
DC,1994,3,97.49
DC,1994,4,93.14
DC,1995,1,92.20
DC,1995,2,89.35
DC,1995,3,91.47
DC,1995,4,94.15
DC,1996,1,94.62
DC,1996,2,95.35
DC,1996,3,93.01
DC,1996,4,98.86
DC,1997,1,89.90
DC,1997,2,96.90
DC,1997,3,91.98
DC,1997,4,96.20
DC,1998,1,98.06
DC,1998,2,100.50
DC,1998,3,105.71
DC,1998,4,109.11
DC,1999,1,109.18
DC,1999,2,111.53
DC,1999,3,118.11
DC,1999,4,120.22
DC,2000,1,128.70
DC,2000,2,130.06
DC,2000,3,134.08
DC,2000,4,135.61
DC,2001,1,143.87
DC,2001,2,148.67
DC,2001,3,157.04
DC,2001,4,162.80
DC,2002,1,171.05
DC,2002,2,180.95
DC,2002,3,185.61
DC,2002,4,195.11
DC,2003,1,191.83
DC,2003,2,210.49
DC,2003,3,218.86
DC,2003,4,223.84
DC,2004,1,246.71
DC,2004,2,253.86
DC,2004,3,256.74
DC,2004,4,283.03
DC,2005,1,287.96
DC,2005,2,316.41
DC,2005,3,328.21
DC,2005,4,327.42
DC,2006,1,328.60
DC,2006,2,326.29
DC,2006,3,338.57
DC,2006,4,341.76
DC,2007,1,345.35
DC,2007,2,350.77
DC,2007,3,345.19
DC,2007,4,341.95
DC,2008,1,338.63
DC,2008,2,323.54
DC,2008,3,329.04
DC,2008,4,323.02
DC,2009,1,310.89
DC,2009,2,321.62
DC,2009,3,318.22
DC,2009,4,329.10
DC,2010,1,344.42
DC,2010,2,318.39
DC,2010,3,336.62
DC,2010,4,330.22
DC,2011,1,324.35
DC,2011,2,351.24
DC,2011,3,330.82
DC,2011,4,353.56
DC,2012,1,357.42
DC,2012,2,359.98
DC,2012,3,370.48
DC,2012,4,386.00
DC,2013,1,396.35
DC,2013,2,406.64
DC,2013,3,427.79
DC,2013,4,412.99
DE,1991,1,100.00
DE,1991,2,99.87
DE,1991,3,99.55
DE,1991,4,100.17
DE,1992,1,100.71
DE,1992,2,99.87
DE,1992,3,99.39
DE,1992,4,100.35
DE,1993,1,99.04
DE,1993,2,99.41
DE,1993,3,99.02
DE,1993,4,98.32
DE,1994,1,97.29
DE,1994,2,99.93
DE,1994,3,99.54
DE,1994,4,99.71
DE,1995,1,99.94
DE,1995,2,99.32
DE,1995,3,99.05
DE,1995,4,99.33
DE,1996,1,99.71
DE,1996,2,99.64
DE,1996,3,100.30
DE,1996,4,100.35
DE,1997,1,100.50
DE,1997,2,100.97
DE,1997,3,101.55
DE,1997,4,101.19
DE,1998,1,102.96
DE,1998,2,103.72
DE,1998,3,105.42
DE,1998,4,105.90
DE,1999,1,107.43
DE,1999,2,109.89
DE,1999,3,111.15
DE,1999,4,112.92
DE,2000,1,114.82
DE,2000,2,116.34
DE,2000,3,118.39
DE,2000,4,121.50
DE,2001,1,124.28
DE,2001,2,126.00
DE,2001,3,127.66
DE,2001,4,131.59
DE,2002,1,133.79
DE,2002,2,137.96
DE,2002,3,142.10
DE,2002,4,144.84
DE,2003,1,147.71
DE,2003,2,152.06
DE,2003,3,155.09
DE,2003,4,160.24
DE,2004,1,166.25
DE,2004,2,170.65
DE,2004,3,179.25
DE,2004,4,184.41
DE,2005,1,188.95
DE,2005,2,197.43
DE,2005,3,202.04
DE,2005,4,208.82
DE,2006,1,215.37
DE,2006,2,214.80
DE,2006,3,218.84
DE,2006,4,222.73
DE,2007,1,217.58
DE,2007,2,219.15
DE,2007,3,221.41
DE,2007,4,216.51
DE,2008,1,213.59
DE,2008,2,209.50
DE,2008,3,205.10
DE,2008,4,198.62
DE,2009,1,202.98
DE,2009,2,206.18
DE,2009,3,194.13
DE,2009,4,189.51
DE,2010,1,193.56
DE,2010,2,188.28
DE,2010,3,186.29
DE,2010,4,189.79
DE,2011,1,181.60
DE,2011,2,174.53
DE,2011,3,171.82
DE,2011,4,178.34
DE,2012,1,170.60
DE,2012,2,172.33
DE,2012,3,180.94
DE,2012,4,180.37
DE,2013,1,181.89
DE,2013,2,185.25
DE,2013,3,184.25
DE,2013,4,180.58
FL,1991,1,100.00
FL,1991,2,100.28
FL,1991,3,99.96
FL,1991,4,100.44
FL,1992,1,101.40
FL,1992,2,100.81
FL,1992,3,101.94
FL,1992,4,102.39
FL,1993,1,102.59
FL,1993,2,103.76
FL,1993,3,104.34
FL,1993,4,105.25
FL,1994,1,106.12
FL,1994,2,106.56
FL,1994,3,107.55
FL,1994,4,108.34
FL,1995,1,108.85
FL,1995,2,109.09
FL,1995,3,110.27
FL,1995,4,110.47
FL,1996,1,111.00
FL,1996,2,111.95
FL,1996,3,112.46
FL,1996,4,112.58
FL,1997,1,113.87
FL,1997,2,114.13
FL,1997,3,114.72
FL,1997,4,116.06
FL,1998,1,117.61
FL,1998,2,118.89
FL,1998,3,120.14
FL,1998,4,121.43
FL,1999,1,123.11
FL,1999,2,125.13
FL,1999,3,126.74
FL,1999,4,128.92
FL,2000,1,131.40
FL,2000,2,133.70
FL,2000,3,136.58
FL,2000,4,139.82
FL,2001,1,143.30
FL,2001,2,147.04
FL,2001,3,151.32
FL,2001,4,155.27
FL,2002,1,159.22
FL,2002,2,164.03
FL,2002,3,168.41
FL,2002,4,173.66
FL,2003,1,179.21
FL,2003,2,184.31
FL,2003,3,190.09
FL,2003,4,197.54
FL,2004,1,205.45
FL,2004,2,215.34
FL,2004,3,227.02
FL,2004,4,238.89
FL,2005,1,253.89
FL,2005,2,270.42
FL,2005,3,287.55
FL,2005,4,299.49
FL,2006,1,307.09
FL,2006,2,309.95
FL,2006,3,310.04
FL,2006,4,310.33
FL,2007,1,307.88
FL,2007,2,303.12
FL,2007,3,288.99
FL,2007,4,277.85
FL,2008,1,257.60
FL,2008,2,236.88
FL,2008,3,219.73
FL,2008,4,205.24
FL,2009,1,197.02
FL,2009,2,191.95
FL,2009,3,188.18
FL,2009,4,187.52
FL,2010,1,185.10
FL,2010,2,181.27
FL,2010,3,176.89
FL,2010,4,174.84
FL,2011,1,167.42
FL,2011,2,167.16
FL,2011,3,169.72
FL,2011,4,170.55
FL,2012,1,174.37
FL,2012,2,179.55
FL,2012,3,183.64
FL,2012,4,186.93
FL,2013,1,192.56
FL,2013,2,199.06
FL,2013,3,204.72
FL,2013,4,210.53
GA,1991,1,100.00
GA,1991,2,99.82
GA,1991,3,99.87
GA,1991,4,100.75
GA,1992,1,101.81
GA,1992,2,100.88
GA,1992,3,102.85
GA,1992,4,102.92
GA,1993,1,103.51
GA,1993,2,104.33
GA,1993,3,104.94
GA,1993,4,105.74
GA,1994,1,106.69
GA,1994,2,107.86
GA,1994,3,108.97
GA,1994,4,109.94
GA,1995,1,110.78
GA,1995,2,112.08
GA,1995,3,113.44
GA,1995,4,114.84
GA,1996,1,116.27
GA,1996,2,117.38
GA,1996,3,118.47
GA,1996,4,119.06
GA,1997,1,120.95
GA,1997,2,121.92
GA,1997,3,123.35
GA,1997,4,124.97
GA,1998,1,126.82
GA,1998,2,128.80
GA,1998,3,130.89
GA,1998,4,133.04
GA,1999,1,135.64
GA,1999,2,137.75
GA,1999,3,140.57
GA,1999,4,142.65
GA,2000,1,144.83
GA,2000,2,147.54
GA,2000,3,149.31
GA,2000,4,151.68
GA,2001,1,153.75
GA,2001,2,155.90
GA,2001,3,157.37
GA,2001,4,159.05
GA,2002,1,161.48
GA,2002,2,161.89
GA,2002,3,163.93
GA,2002,4,166.34
GA,2003,1,168.09
GA,2003,2,168.68
GA,2003,3,170.31
GA,2003,4,171.06
GA,2004,1,172.79
GA,2004,2,174.60
GA,2004,3,176.77
GA,2004,4,178.84
GA,2005,1,181.48
GA,2005,2,184.30
GA,2005,3,187.21
GA,2005,4,191.35
GA,2006,1,193.43
GA,2006,2,195.18
GA,2006,3,196.12
GA,2006,4,199.68
GA,2007,1,200.44
GA,2007,2,202.09
GA,2007,3,198.81
GA,2007,4,197.57
GA,2008,1,194.12
GA,2008,2,189.95
GA,2008,3,185.53
GA,2008,4,176.94
GA,2009,1,178.86
GA,2009,2,173.13
GA,2009,3,175.33
GA,2009,4,172.09
GA,2010,1,164.97
GA,2010,2,167.37
GA,2010,3,158.39
GA,2010,4,153.26
GA,2011,1,151.88
GA,2011,2,147.35
GA,2011,3,148.28
GA,2011,4,150.26
GA,2012,1,148.81
GA,2012,2,154.18
GA,2012,3,157.20
GA,2012,4,160.52
GA,2013,1,167.23
GA,2013,2,170.89
GA,2013,3,174.50
GA,2013,4,178.76
HI,1991,1,100.00
HI,1991,2,97.78
HI,1991,3,99.58
HI,1991,4,98.37
HI,1992,1,102.69
HI,1992,2,98.06
HI,1992,3,101.91
HI,1992,4,102.15
HI,1993,1,101.53
HI,1993,2,103.23
HI,1993,3,99.14
HI,1993,4,100.20
HI,1994,1,98.73
HI,1994,2,100.14
HI,1994,3,99.66
HI,1994,4,98.49
HI,1995,1,99.33
HI,1995,2,95.11
HI,1995,3,95.55
HI,1995,4,95.30
HI,1996,1,90.32
HI,1996,2,94.01
HI,1996,3,89.92
HI,1996,4,89.49
HI,1997,1,83.17
HI,1997,2,83.15
HI,1997,3,83.56
HI,1997,4,82.11
HI,1998,1,83.90
HI,1998,2,84.99
HI,1998,3,82.67
HI,1998,4,83.13
HI,1999,1,85.06
HI,1999,2,82.56
HI,1999,3,83.41
HI,1999,4,85.67
HI,2000,1,90.11
HI,2000,2,89.31
HI,2000,3,89.88
HI,2000,4,92.76
HI,2001,1,96.29
HI,2001,2,98.44
HI,2001,3,100.04
HI,2001,4,102.26
HI,2002,1,102.68
HI,2002,2,107.70
HI,2002,3,111.36
HI,2002,4,113.96
HI,2003,1,118.12
HI,2003,2,120.22
HI,2003,3,129.53
HI,2003,4,137.69
HI,2004,1,142.56
HI,2004,2,154.06
HI,2004,3,165.37
HI,2004,4,169.52
HI,2005,1,179.44
HI,2005,2,193.05
HI,2005,3,204.21
HI,2005,4,204.21
HI,2006,1,215.01
HI,2006,2,211.53
HI,2006,3,210.56
HI,2006,4,215.43
HI,2007,1,217.19
HI,2007,2,214.50
HI,2007,3,213.70
HI,2007,4,209.74
HI,2008,1,208.74
HI,2008,2,208.06
HI,2008,3,199.30
HI,2008,4,203.06
HI,2009,1,198.65
HI,2009,2,183.19
HI,2009,3,188.13
HI,2009,4,182.50
HI,2010,1,180.22
HI,2010,2,180.55
HI,2010,3,175.47
HI,2010,4,176.78
HI,2011,1,160.48
HI,2011,2,171.16
HI,2011,3,174.35
HI,2011,4,167.58
HI,2012,1,174.61
HI,2012,2,183.00
HI,2012,3,182.87
HI,2012,4,192.98
HI,2013,1,197.09
HI,2013,2,197.44
HI,2013,3,201.99
HI,2013,4,208.29
IA,1991,1,100.00
IA,1991,2,100.80
IA,1991,3,101.50
IA,1991,4,102.76
IA,1992,1,103.83
IA,1992,2,106.20
IA,1992,3,107.30
IA,1992,4,108.57
IA,1993,1,111.10
IA,1993,2,112.51
IA,1993,3,114.83
IA,1993,4,117.90
IA,1994,1,119.11
IA,1994,2,120.04
IA,1994,3,121.92
IA,1994,4,122.67
IA,1995,1,123.86
IA,1995,2,125.71
IA,1995,3,127.55
IA,1995,4,128.75
IA,1996,1,130.49
IA,1996,2,131.48
IA,1996,3,132.64
IA,1996,4,133.39
IA,1997,1,134.32
IA,1997,2,135.66
IA,1997,3,136.35
IA,1997,4,138.02
IA,1998,1,139.81
IA,1998,2,141.54
IA,1998,3,143.08
IA,1998,4,146.49
IA,1999,1,146.69
IA,1999,2,149.29
IA,1999,3,150.55
IA,1999,4,152.44
IA,2000,1,154.05
IA,2000,2,155.22
IA,2000,3,157.30
IA,2000,4,157.68
IA,2001,1,159.68
IA,2001,2,161.09
IA,2001,3,162.17
IA,2001,4,163.87
IA,2002,1,164.91
IA,2002,2,166.63
IA,2002,3,168.45
IA,2002,4,170.27
IA,2003,1,171.81
IA,2003,2,172.93
IA,2003,3,174.98
IA,2003,4,176.21
IA,2004,1,178.23
IA,2004,2,180.56
IA,2004,3,182.25
IA,2004,4,185.52
IA,2005,1,185.57
IA,2005,2,189.52
IA,2005,3,189.22
IA,2005,4,191.49
IA,2006,1,193.73
IA,2006,2,195.55
IA,2006,3,196.10
IA,2006,4,196.72
IA,2007,1,198.62
IA,2007,2,199.09
IA,2007,3,200.41
IA,2007,4,199.18
IA,2008,1,199.41
IA,2008,2,197.67
IA,2008,3,196.38
IA,2008,4,197.39
IA,2009,1,195.64
IA,2009,2,195.17
IA,2009,3,196.81
IA,2009,4,196.24
IA,2010,1,196.40
IA,2010,2,197.17
IA,2010,3,191.48
IA,2010,4,195.28
IA,2011,1,189.58
IA,2011,2,192.06
IA,2011,3,193.78
IA,2011,4,193.66
IA,2012,1,198.47
IA,2012,2,196.11
IA,2012,3,198.15
IA,2012,4,199.67
IA,2013,1,201.22
IA,2013,2,204.64
IA,2013,3,206.24
IA,2013,4,209.29
ID,1991,1,100.00
ID,1991,2,100.56
ID,1991,3,102.54
ID,1991,4,105.34
ID,1992,1,106.96
ID,1992,2,109.40
ID,1992,3,111.03
ID,1992,4,114.07
ID,1993,1,116.87
ID,1993,2,118.16
ID,1993,3,123.08
ID,1993,4,124.46
ID,1994,1,126.43
ID,1994,2,129.76
ID,1994,3,131.86
ID,1994,4,132.71
ID,1995,1,134.46
ID,1995,2,135.04
ID,1995,3,136.01
ID,1995,4,136.62
ID,1996,1,137.13
ID,1996,2,137.36
ID,1996,3,138.12
ID,1996,4,139.35
ID,1997,1,139.42
ID,1997,2,139.95
ID,1997,3,141.02
ID,1997,4,141.53
ID,1998,1,142.53
ID,1998,2,143.56
ID,1998,3,144.18
ID,1998,4,145.08
ID,1999,1,146.30
ID,1999,2,147.58
ID,1999,3,148.17
ID,1999,4,150.08
ID,2000,1,151.20
ID,2000,2,151.57
ID,2000,3,151.02
ID,2000,4,154.79
ID,2001,1,156.24
ID,2001,2,157.27
ID,2001,3,158.33
ID,2001,4,158.97
ID,2002,1,159.72
ID,2002,2,162.34
ID,2002,3,163.25
ID,2002,4,165.32
ID,2003,1,168.06
ID,2003,2,169.19
ID,2003,3,172.84
ID,2003,4,175.11
ID,2004,1,178.38
ID,2004,2,184.65
ID,2004,3,191.02
ID,2004,4,193.78
ID,2005,1,202.40
ID,2005,2,207.62
ID,2005,3,218.04
ID,2005,4,229.89
ID,2006,1,237.12
ID,2006,2,247.33
ID,2006,3,250.74
ID,2006,4,258.49
ID,2007,1,261.32
ID,2007,2,263.81
ID,2007,3,263.16
ID,2007,4,261.99
ID,2008,1,261.80
ID,2008,2,252.20
ID,2008,3,246.30
ID,2008,4,236.83
ID,2009,1,239.76
ID,2009,2,233.92
ID,2009,3,225.03
ID,2009,4,220.07
ID,2010,1,210.16
ID,2010,2,205.78
ID,2010,3,199.18
ID,2010,4,190.60
ID,2011,1,182.15
ID,2011,2,179.93
ID,2011,3,184.79
ID,2011,4,183.19
ID,2012,1,188.24
ID,2012,2,199.40
ID,2012,3,201.65
ID,2012,4,208.65
ID,2013,1,214.17
ID,2013,2,216.70
ID,2013,3,221.34
ID,2013,4,223.51
IL,1991,1,100.00
IL,1991,2,100.31
IL,1991,3,101.12
IL,1991,4,102.32
IL,1992,1,103.34
IL,1992,2,104.41
IL,1992,3,104.81
IL,1992,4,106.72
IL,1993,1,107.47
IL,1993,2,108.37
IL,1993,3,110.03
IL,1993,4,110.75
IL,1994,1,112.82
IL,1994,2,114.02
IL,1994,3,114.75
IL,1994,4,115.66
IL,1995,1,116.27
IL,1995,2,117.56
IL,1995,3,118.54
IL,1995,4,119.08
IL,1996,1,120.25
IL,1996,2,121.30
IL,1996,3,121.66
IL,1996,4,122.50
IL,1997,1,122.83
IL,1997,2,123.53
IL,1997,3,124.16
IL,1997,4,124.78
IL,1998,1,125.74
IL,1998,2,126.42
IL,1998,3,127.83
IL,1998,4,129.94
IL,1999,1,131.39
IL,1999,2,132.97
IL,1999,3,135.04
IL,1999,4,136.95
IL,2000,1,138.88
IL,2000,2,141.24
IL,2000,3,143.70
IL,2000,4,145.80
IL,2001,1,148.72
IL,2001,2,151.14
IL,2001,3,153.54
IL,2001,4,155.66
IL,2002,1,158.39
IL,2002,2,161.10
IL,2002,3,163.65
IL,2002,4,166.74
IL,2003,1,169.43
IL,2003,2,172.52
IL,2003,3,175.35
IL,2003,4,178.99
IL,2004,1,181.60
IL,2004,2,184.52
IL,2004,3,188.03
IL,2004,4,190.70
IL,2005,1,194.06
IL,2005,2,197.31
IL,2005,3,200.85
IL,2005,4,204.00
IL,2006,1,207.50
IL,2006,2,209.68
IL,2006,3,210.16
IL,2006,4,211.09
IL,2007,1,215.14
IL,2007,2,212.44
IL,2007,3,210.26
IL,2007,4,209.03
IL,2008,1,206.09
IL,2008,2,202.25
IL,2008,3,197.12
IL,2008,4,193.76
IL,2009,1,190.09
IL,2009,2,186.88
IL,2009,3,186.98
IL,2009,4,184.07
IL,2010,1,183.03
IL,2010,2,182.24
IL,2010,3,178.32
IL,2010,4,177.04
IL,2011,1,172.22
IL,2011,2,168.59
IL,2011,3,169.44
IL,2011,4,167.14
IL,2012,1,167.89
IL,2012,2,168.52
IL,2012,3,169.22
IL,2012,4,168.60
IL,2013,1,170.76
IL,2013,2,175.26
IL,2013,3,176.19
IL,2013,4,180.03
IN,1991,1,100.00
IN,1991,2,99.76
IN,1991,3,100.33
IN,1991,4,101.14
IN,1992,1,102.12
IN,1992,2,103.58
IN,1992,3,104.72
IN,1992,4,105.62
IN,1993,1,106.84
IN,1993,2,108.11
IN,1993,3,109.46
IN,1993,4,111.22
IN,1994,1,112.41
IN,1994,2,113.43
IN,1994,3,114.48
IN,1994,4,115.80
IN,1995,1,118.06
IN,1995,2,118.19
IN,1995,3,120.00
IN,1995,4,120.84
IN,1996,1,122.25
IN,1996,2,123.75
IN,1996,3,124.96
IN,1996,4,126.03
IN,1997,1,126.08
IN,1997,2,127.27
IN,1997,3,128.03
IN,1997,4,129.04
IN,1998,1,130.07
IN,1998,2,131.33
IN,1998,3,132.22
IN,1998,4,134.37
IN,1999,1,135.18
IN,1999,2,136.01
IN,1999,3,137.78
IN,1999,4,138.28
IN,2000,1,140.61
IN,2000,2,141.08
IN,2000,3,142.34
IN,2000,4,142.48
IN,2001,1,143.91
IN,2001,2,144.74
IN,2001,3,145.19
IN,2001,4,147.39
IN,2002,1,147.94
IN,2002,2,148.36
IN,2002,3,149.12
IN,2002,4,149.59
IN,2003,1,151.63
IN,2003,2,152.26
IN,2003,3,153.52
IN,2003,4,154.91
IN,2004,1,155.51
IN,2004,2,158.02
IN,2004,3,159.10
IN,2004,4,160.12
IN,2005,1,161.29
IN,2005,2,162.30
IN,2005,3,163.07
IN,2005,4,165.82
IN,2006,1,165.88
IN,2006,2,166.81
IN,2006,3,167.38
IN,2006,4,167.91
IN,2007,1,169.21
IN,2007,2,169.47
IN,2007,3,169.33
IN,2007,4,166.12
IN,2008,1,166.42
IN,2008,2,163.71
IN,2008,3,163.52
IN,2008,4,159.02
IN,2009,1,160.42
IN,2009,2,160.28
IN,2009,3,158.58
IN,2009,4,160.51
IN,2010,1,158.33
IN,2010,2,158.66
IN,2010,3,158.42
IN,2010,4,157.41
IN,2011,1,156.23
IN,2011,2,156.72
IN,2011,3,157.67
IN,2011,4,158.32
IN,2012,1,157.83
IN,2012,2,159.71
IN,2012,3,159.09
IN,2012,4,161.60
IN,2013,1,163.66
IN,2013,2,165.07
IN,2013,3,168.00
IN,2013,4,168.39
KS,1991,1,100.00
KS,1991,2,99.51
KS,1991,3,99.17
KS,1991,4,100.64
KS,1992,1,101.43
KS,1992,2,101.60
KS,1992,3,103.11
KS,1992,4,104.19
KS,1993,1,105.13
KS,1993,2,106.47
KS,1993,3,108.55
KS,1993,4,110.40
KS,1994,1,112.35
KS,1994,2,114.49
KS,1994,3,115.39
KS,1994,4,116.49
KS,1995,1,118.42
KS,1995,2,119.77
KS,1995,3,121.20
KS,1995,4,123.22
KS,1996,1,123.93
KS,1996,2,125.71
KS,1996,3,126.81
KS,1996,4,126.99
KS,1997,1,127.66
KS,1997,2,129.66
KS,1997,3,131.55
KS,1997,4,133.53
KS,1998,1,135.73
KS,1998,2,136.24
KS,1998,3,138.23
KS,1998,4,142.53
KS,1999,1,144.31
KS,1999,2,145.52
KS,1999,3,146.78
KS,1999,4,147.28
KS,2000,1,149.87
KS,2000,2,151.32
KS,2000,3,153.16
KS,2000,4,153.93
KS,2001,1,155.40
KS,2001,2,158.06
KS,2001,3,159.35
KS,2001,4,162.00
KS,2002,1,162.54
KS,2002,2,163.87
KS,2002,3,165.41
KS,2002,4,167.24
KS,2003,1,169.02
KS,2003,2,169.13
KS,2003,3,172.47
KS,2003,4,173.48
KS,2004,1,176.01
KS,2004,2,178.21
KS,2004,3,179.10
KS,2004,4,180.90
KS,2005,1,182.64
KS,2005,2,184.58
KS,2005,3,186.25
KS,2005,4,188.08
KS,2006,1,191.81
KS,2006,2,191.61
KS,2006,3,194.33
KS,2006,4,195.83
KS,2007,1,197.65
KS,2007,2,199.05
KS,2007,3,199.53
KS,2007,4,198.63
KS,2008,1,198.15
KS,2008,2,197.38
KS,2008,3,195.31
KS,2008,4,194.79
KS,2009,1,196.83
KS,2009,2,193.47
KS,2009,3,194.94
KS,2009,4,196.31
KS,2010,1,191.81
KS,2010,2,195.01
KS,2010,3,190.94
KS,2010,4,189.49
KS,2011,1,185.37
KS,2011,2,186.15
KS,2011,3,186.72
KS,2011,4,187.29
KS,2012,1,190.06
KS,2012,2,189.83
KS,2012,3,191.32
KS,2012,4,192.05
KS,2013,1,193.12
KS,2013,2,196.49
KS,2013,3,198.08
KS,2013,4,197.51
KY,1991,1,100.00
KY,1991,2,100.33
KY,1991,3,100.20
KY,1991,4,101.68
KY,1992,1,103.17
KY,1992,2,103.40
KY,1992,3,105.44
KY,1992,4,106.86
KY,1993,1,107.52
KY,1993,2,109.51
KY,1993,3,110.46
KY,1993,4,111.60
KY,1994,1,114.26
KY,1994,2,115.39
KY,1994,3,116.94
KY,1994,4,117.85
KY,1995,1,118.84
KY,1995,2,120.36
KY,1995,3,121.41
KY,1995,4,123.46
KY,1996,1,123.59
KY,1996,2,125.24
KY,1996,3,126.90
KY,1996,4,128.01
KY,1997,1,129.55
KY,1997,2,130.25
KY,1997,3,131.39
KY,1997,4,132.01
KY,1998,1,132.88
KY,1998,2,135.30
KY,1998,3,136.33
KY,1998,4,138.48
KY,1999,1,140.40
KY,1999,2,141.90
KY,1999,3,143.92
KY,1999,4,145.16
KY,2000,1,147.53
KY,2000,2,148.33
KY,2000,3,149.54
KY,2000,4,150.72
KY,2001,1,151.84
KY,2001,2,153.31
KY,2001,3,154.64
KY,2001,4,156.17
KY,2002,1,156.80
KY,2002,2,158.81
KY,2002,3,159.28
KY,2002,4,161.98
KY,2003,1,163.38
KY,2003,2,165.37
KY,2003,3,167.67
KY,2003,4,169.02
KY,2004,1,172.53
KY,2004,2,172.93
KY,2004,3,174.67
KY,2004,4,177.30
KY,2005,1,178.54
KY,2005,2,180.64
KY,2005,3,182.95
KY,2005,4,184.56
KY,2006,1,187.95
KY,2006,2,187.74
KY,2006,3,188.89
KY,2006,4,189.75
KY,2007,1,191.39
KY,2007,2,192.94
KY,2007,3,191.75
KY,2007,4,192.17
KY,2008,1,190.96
KY,2008,2,191.51
KY,2008,3,190.92
KY,2008,4,188.56
KY,2009,1,189.10
KY,2009,2,188.89
KY,2009,3,188.47
KY,2009,4,188.85
KY,2010,1,187.98
KY,2010,2,186.74
KY,2010,3,187.51
KY,2010,4,188.51
KY,2011,1,185.15
KY,2011,2,183.76
KY,2011,3,183.54
KY,2011,4,183.44
KY,2012,1,186.58
KY,2012,2,188.99
KY,2012,3,187.29
KY,2012,4,190.39
KY,2013,1,191.41
KY,2013,2,193.21
KY,2013,3,195.93
KY,2013,4,196.12
LA,1991,1,100.00
LA,1991,2,101.94
LA,1991,3,103.50
LA,1991,4,104.14
LA,1992,1,105.68
LA,1992,2,107.04
LA,1992,3,108.24
LA,1992,4,110.39
LA,1993,1,111.61
LA,1993,2,112.69
LA,1993,3,115.37
LA,1993,4,118.17
LA,1994,1,120.04
LA,1994,2,121.68
LA,1994,3,123.22
LA,1994,4,122.03
LA,1995,1,123.74
LA,1995,2,126.51
LA,1995,3,128.19
LA,1995,4,129.69
LA,1996,1,131.95
LA,1996,2,132.93
LA,1996,3,133.71
LA,1996,4,135.55
LA,1997,1,136.85
LA,1997,2,137.67
LA,1997,3,138.77
LA,1997,4,140.35
LA,1998,1,142.40
LA,1998,2,143.72
LA,1998,3,146.06
LA,1998,4,148.03
LA,1999,1,148.29
LA,1999,2,149.94
LA,1999,3,151.67
LA,1999,4,152.12
LA,2000,1,154.08
LA,2000,2,156.09
LA,2000,3,156.52
LA,2000,4,156.95
LA,2001,1,158.92
LA,2001,2,160.31
LA,2001,3,162.27
LA,2001,4,164.66
LA,2002,1,164.28
LA,2002,2,167.26
LA,2002,3,169.04
LA,2002,4,171.40
LA,2003,1,174.11
LA,2003,2,175.26
LA,2003,3,178.28
LA,2003,4,180.94
LA,2004,1,183.13
LA,2004,2,186.92
LA,2004,3,189.40
LA,2004,4,191.92
LA,2005,1,194.58
LA,2005,2,198.58
LA,2005,3,201.77
LA,2005,4,212.86
LA,2006,1,218.39
LA,2006,2,222.61
LA,2006,3,226.60
LA,2006,4,229.89
LA,2007,1,232.93
LA,2007,2,234.56
LA,2007,3,235.99
LA,2007,4,235.21
LA,2008,1,233.85
LA,2008,2,232.49
LA,2008,3,230.25
LA,2008,4,228.78
LA,2009,1,230.12
LA,2009,2,229.92
LA,2009,3,227.16
LA,2009,4,229.44
LA,2010,1,229.52
LA,2010,2,228.63
LA,2010,3,229.69
LA,2010,4,226.56
LA,2011,1,223.40
LA,2011,2,224.09
LA,2011,3,223.94
LA,2011,4,224.72
LA,2012,1,224.11
LA,2012,2,228.09
LA,2012,3,231.94
LA,2012,4,232.59
LA,2013,1,240.26
LA,2013,2,240.42
LA,2013,3,240.75
LA,2013,4,243.61
MA,1991,1,100.00
MA,1991,2,98.04
MA,1991,3,96.92
MA,1991,4,97.52
MA,1992,1,98.61
MA,1992,2,95.86
MA,1992,3,96.46
MA,1992,4,96.77
MA,1993,1,95.04
MA,1993,2,96.30
MA,1993,3,96.72
MA,1993,4,96.65
MA,1994,1,97.15
MA,1994,2,97.48
MA,1994,3,97.67
MA,1994,4,98.34
MA,1995,1,98.62
MA,1995,2,98.95
MA,1995,3,99.58
MA,1995,4,100.16
MA,1996,1,101.49
MA,1996,2,102.63
MA,1996,3,103.53
MA,1996,4,104.83
MA,1997,1,104.99
MA,1997,2,107.26
MA,1997,3,108.54
MA,1997,4,110.86
MA,1998,1,113.29
MA,1998,2,116.17
MA,1998,3,119.09
MA,1998,4,121.80
MA,1999,1,125.26
MA,1999,2,129.05
MA,1999,3,133.07
MA,1999,4,137.06
MA,2000,1,141.57
MA,2000,2,147.13
MA,2000,3,151.61
MA,2000,4,157.57
MA,2001,1,163.72
MA,2001,2,168.89
MA,2001,3,173.89
MA,2001,4,178.54
MA,2002,1,183.68
MA,2002,2,190.37
MA,2002,3,197.63
MA,2002,4,203.44
MA,2003,1,207.53
MA,2003,2,212.16
MA,2003,3,216.23
MA,2003,4,224.35
MA,2004,1,228.98
MA,2004,2,234.03
MA,2004,3,239.74
MA,2004,4,244.55
MA,2005,1,248.69
MA,2005,2,252.70
MA,2005,3,253.94
MA,2005,4,253.81
MA,2006,1,252.75
MA,2006,2,248.53
MA,2006,3,246.10
MA,2006,4,243.16
MA,2007,1,240.44
MA,2007,2,241.17
MA,2007,3,237.91
MA,2007,4,234.81
MA,2008,1,231.78
MA,2008,2,225.73
MA,2008,3,222.75
MA,2008,4,221.37
MA,2009,1,223.71
MA,2009,2,220.43
MA,2009,3,219.12
MA,2009,4,219.51
MA,2010,1,219.35
MA,2010,2,218.44
MA,2010,3,217.29
MA,2010,4,217.42
MA,2011,1,213.05
MA,2011,2,214.08
MA,2011,3,213.85
MA,2011,4,212.66
MA,2012,1,211.99
MA,2012,2,213.73
MA,2012,3,215.65
MA,2012,4,217.75
MA,2013,1,221.69
MA,2013,2,225.63
MA,2013,3,229.17
MA,2013,4,232.61
MD,1991,1,100.00
MD,1991,2,100.18
MD,1991,3,99.75
MD,1991,4,101.10
MD,1992,1,102.95
MD,1992,2,100.56
MD,1992,3,102.27
MD,1992,4,102.22
MD,1993,1,101.31
MD,1993,2,101.37
MD,1993,3,102.05
MD,1993,4,102.00
MD,1994,1,102.08
MD,1994,2,102.91
MD,1994,3,101.90
MD,1994,4,101.54
MD,1995,1,101.57
MD,1995,2,100.85
MD,1995,3,102.20
MD,1995,4,102.19
MD,1996,1,102.59
MD,1996,2,102.32
MD,1996,3,102.46
MD,1996,4,102.26
MD,1997,1,102.79
MD,1997,2,102.37
MD,1997,3,102.75
MD,1997,4,103.91
MD,1998,1,104.57
MD,1998,2,105.11
MD,1998,3,105.62
MD,1998,4,107.16
MD,1999,1,109.24
MD,1999,2,110.54
MD,1999,3,111.71
MD,1999,4,113.86
MD,2000,1,115.25
MD,2000,2,118.25
MD,2000,3,120.43
MD,2000,4,122.26
MD,2001,1,125.60
MD,2001,2,129.22
MD,2001,3,132.57
MD,2001,4,136.68
MD,2002,1,140.72
MD,2002,2,145.56
MD,2002,3,151.07
MD,2002,4,157.41
MD,2003,1,159.96
MD,2003,2,166.52
MD,2003,3,173.30
MD,2003,4,179.92
MD,2004,1,187.80
MD,2004,2,196.28
MD,2004,3,206.31
MD,2004,4,215.14
MD,2005,1,225.47
MD,2005,2,237.54
MD,2005,3,248.43
MD,2005,4,255.02
MD,2006,1,261.04
MD,2006,2,265.55
MD,2006,3,263.42
MD,2006,4,267.49
MD,2007,1,270.06
MD,2007,2,269.38
MD,2007,3,265.48
MD,2007,4,262.24
MD,2008,1,251.35
MD,2008,2,239.29
MD,2008,3,235.52
MD,2008,4,223.65
MD,2009,1,226.02
MD,2009,2,221.56
MD,2009,3,220.54
MD,2009,4,214.18
MD,2010,1,215.03
MD,2010,2,213.95
MD,2010,3,209.09
MD,2010,4,209.20
MD,2011,1,203.37
MD,2011,2,202.70
MD,2011,3,202.83
MD,2011,4,204.04
MD,2012,1,199.90
MD,2012,2,210.25
MD,2012,3,208.15
MD,2012,4,211.20
MD,2013,1,215.94
MD,2013,2,220.08
MD,2013,3,222.65
MD,2013,4,222.64
ME,1991,1,100.00
ME,1991,2,101.28
ME,1991,3,101.04
ME,1991,4,101.16
ME,1992,1,102.18
ME,1992,2,99.78
ME,1992,3,100.52
ME,1992,4,101.45
ME,1993,1,95.00
ME,1993,2,100.30
ME,1993,3,97.57
ME,1993,4,98.12
ME,1994,1,98.54
ME,1994,2,98.71
ME,1994,3,97.57
ME,1994,4,97.19
ME,1995,1,97.18
ME,1995,2,98.49
ME,1995,3,99.00
ME,1995,4,98.50
ME,1996,1,102.21
ME,1996,2,100.94
ME,1996,3,102.52
ME,1996,4,101.21
ME,1997,1,101.87
ME,1997,2,102.78
ME,1997,3,103.01
ME,1997,4,106.36
ME,1998,1,107.36
ME,1998,2,108.23
ME,1998,3,109.42
ME,1998,4,113.13
ME,1999,1,113.98
ME,1999,2,116.59
ME,1999,3,119.21
ME,1999,4,121.53
ME,2000,1,122.75
ME,2000,2,127.61
ME,2000,3,130.22
ME,2000,4,133.32
ME,2001,1,137.53
ME,2001,2,140.48
ME,2001,3,145.38
ME,2001,4,147.75
ME,2002,1,153.03
ME,2002,2,157.66
ME,2002,3,162.39
ME,2002,4,166.33
ME,2003,1,170.55
ME,2003,2,174.28
ME,2003,3,177.20
ME,2003,4,187.14
ME,2004,1,186.58
ME,2004,2,194.73
ME,2004,3,200.03
ME,2004,4,204.89
ME,2005,1,210.15
ME,2005,2,214.62
ME,2005,3,218.68
ME,2005,4,220.93
ME,2006,1,220.65
ME,2006,2,220.48
ME,2006,3,220.28
ME,2006,4,220.15
ME,2007,1,220.91
ME,2007,2,222.21
ME,2007,3,220.16
ME,2007,4,221.87
ME,2008,1,218.99
ME,2008,2,216.64
ME,2008,3,216.83
ME,2008,4,206.78
ME,2009,1,213.15
ME,2009,2,213.01
ME,2009,3,207.05
ME,2009,4,206.38
ME,2010,1,208.02
ME,2010,2,201.76
ME,2010,3,206.73
ME,2010,4,204.63
ME,2011,1,199.81
ME,2011,2,199.44
ME,2011,3,203.48
ME,2011,4,203.26
ME,2012,1,199.90
ME,2012,2,201.28
ME,2012,3,198.53
ME,2012,4,203.49
ME,2013,1,206.62
ME,2013,2,207.83
ME,2013,3,208.74
ME,2013,4,206.18
MI,1991,1,100.00
MI,1991,2,100.83
MI,1991,3,101.36
MI,1991,4,102.31
MI,1992,1,103.82
MI,1992,2,103.93
MI,1992,3,104.87
MI,1992,4,106.15
MI,1993,1,105.65
MI,1993,2,107.14
MI,1993,3,108.08
MI,1993,4,109.42
MI,1994,1,110.73
MI,1994,2,112.21
MI,1994,3,113.95
MI,1994,4,115.76
MI,1995,1,117.97
MI,1995,2,120.47
MI,1995,3,122.95
MI,1995,4,125.44
MI,1996,1,128.10
MI,1996,2,130.54
MI,1996,3,132.94
MI,1996,4,135.06
MI,1997,1,137.24
MI,1997,2,139.32
MI,1997,3,140.97
MI,1997,4,143.32
MI,1998,1,145.38
MI,1998,2,147.80
MI,1998,3,150.31
MI,1998,4,153.04
MI,1999,1,155.61
MI,1999,2,158.22
MI,1999,3,160.64
MI,1999,4,163.46
MI,2000,1,166.48
MI,2000,2,169.40
MI,2000,3,171.84
MI,2000,4,173.80
MI,2001,1,176.13
MI,2001,2,177.97
MI,2001,3,180.41
MI,2001,4,182.00
MI,2002,1,183.91
MI,2002,2,185.60
MI,2002,3,186.93
MI,2002,4,189.22
MI,2003,1,190.75
MI,2003,2,191.35
MI,2003,3,193.77
MI,2003,4,195.30
MI,2004,1,197.05
MI,2004,2,198.11
MI,2004,3,199.46
MI,2004,4,201.26
MI,2005,1,201.92
MI,2005,2,202.25
MI,2005,3,202.68
MI,2005,4,201.80
MI,2006,1,199.54
MI,2006,2,198.04
MI,2006,3,196.27
MI,2006,4,192.86
MI,2007,1,190.84
MI,2007,2,187.51
MI,2007,3,181.42
MI,2007,4,175.23
MI,2008,1,171.34
MI,2008,2,164.52
MI,2008,3,160.02
MI,2008,4,153.97
MI,2009,1,160.51
MI,2009,2,154.89
MI,2009,3,151.03
MI,2009,4,149.36
MI,2010,1,146.94
MI,2010,2,146.97
MI,2010,3,145.11
MI,2010,4,145.23
MI,2011,1,141.67
MI,2011,2,139.11
MI,2011,3,141.86
MI,2011,4,143.25
MI,2012,1,144.18
MI,2012,2,148.96
MI,2012,3,151.11
MI,2012,4,154.36
MI,2013,1,158.88
MI,2013,2,163.96
MI,2013,3,167.88
MI,2013,4,168.92
MN,1991,1,100.00
MN,1991,2,98.78
MN,1991,3,99.26
MN,1991,4,100.28
MN,1992,1,101.37
MN,1992,2,102.23
MN,1992,3,103.55
MN,1992,4,104.53
MN,1993,1,105.69
MN,1993,2,107.23
MN,1993,3,108.44
MN,1993,4,109.66
MN,1994,1,111.38
MN,1994,2,112.55
MN,1994,3,112.79
MN,1994,4,114.24
MN,1995,1,114.54
MN,1995,2,115.88
MN,1995,3,117.76
MN,1995,4,119.30
MN,1996,1,120.53
MN,1996,2,122.18
MN,1996,3,122.92
MN,1996,4,124.80
MN,1997,1,125.81
MN,1997,2,126.52
MN,1997,3,128.11
MN,1997,4,129.19
MN,1998,1,131.21
MN,1998,2,133.54
MN,1998,3,136.66
MN,1998,4,140.04
MN,1999,1,142.68
MN,1999,2,147.27
MN,1999,3,150.64
MN,1999,4,154.33
MN,2000,1,159.27
MN,2000,2,163.56
MN,2000,3,167.85
MN,2000,4,172.77
MN,2001,1,177.62
MN,2001,2,182.65
MN,2001,3,187.30
MN,2001,4,190.47
MN,2002,1,194.57
MN,2002,2,199.71
MN,2002,3,204.36
MN,2002,4,208.47
MN,2003,1,213.14
MN,2003,2,216.80
MN,2003,3,220.74
MN,2003,4,225.90
MN,2004,1,229.95
MN,2004,2,233.07
MN,2004,3,237.55
MN,2004,4,241.08
MN,2005,1,243.43
MN,2005,2,246.88
MN,2005,3,250.68
MN,2005,4,253.71
MN,2006,1,254.42
MN,2006,2,254.26
MN,2006,3,252.65
MN,2006,4,252.11
MN,2007,1,254.27
MN,2007,2,252.11
MN,2007,3,248.13
MN,2007,4,242.14
MN,2008,1,238.75
MN,2008,2,231.92
MN,2008,3,228.50
MN,2008,4,219.79
MN,2009,1,224.57
MN,2009,2,220.47
MN,2009,3,216.44
MN,2009,4,215.71
MN,2010,1,212.89
MN,2010,2,214.34
MN,2010,3,209.84
MN,2010,4,208.68
MN,2011,1,200.95
MN,2011,2,197.93
MN,2011,3,199.28
MN,2011,4,200.40
MN,2012,1,200.61
MN,2012,2,205.24
MN,2012,3,208.39
MN,2012,4,211.98
MN,2013,1,218.37
MN,2013,2,222.38
MN,2013,3,227.03
MN,2013,4,228.09
MO,1991,1,100.00
MO,1991,2,100.35
MO,1991,3,100.64
MO,1991,4,101.87
MO,1992,1,102.54
MO,1992,2,102.95
MO,1992,3,103.48
MO,1992,4,104.10
MO,1993,1,104.03
MO,1993,2,106.04
MO,1993,3,107.36
MO,1993,4,108.82
MO,1994,1,110.48
MO,1994,2,111.87
MO,1994,3,113.09
MO,1994,4,113.79
MO,1995,1,115.34
MO,1995,2,116.07
MO,1995,3,118.02
MO,1995,4,119.14
MO,1996,1,119.96
MO,1996,2,121.72
MO,1996,3,122.71
MO,1996,4,123.95
MO,1997,1,125.12
MO,1997,2,125.36
MO,1997,3,126.27
MO,1997,4,127.83
MO,1998,1,129.17
MO,1998,2,130.72
MO,1998,3,132.55
MO,1998,4,134.59
MO,1999,1,136.80
MO,1999,2,138.49
MO,1999,3,140.16
MO,1999,4,141.54
MO,2000,1,143.60
MO,2000,2,146.49
MO,2000,3,147.54
MO,2000,4,150.31
MO,2001,1,151.66
MO,2001,2,154.83
MO,2001,3,156.80
MO,2001,4,158.59
MO,2002,1,160.21
MO,2002,2,162.21
MO,2002,3,164.25
MO,2002,4,166.69
MO,2003,1,169.28
MO,2003,2,170.82
MO,2003,3,173.59
MO,2003,4,176.37
MO,2004,1,179.12
MO,2004,2,181.22
MO,2004,3,183.25
MO,2004,4,186.56
MO,2005,1,188.26
MO,2005,2,191.91
MO,2005,3,194.31
MO,2005,4,197.77
MO,2006,1,200.43
MO,2006,2,200.68
MO,2006,3,202.57
MO,2006,4,203.48
MO,2007,1,205.42
MO,2007,2,204.67
MO,2007,3,204.96
MO,2007,4,202.15
MO,2008,1,198.21
MO,2008,2,197.73
MO,2008,3,194.24
MO,2008,4,192.52
MO,2009,1,193.27
MO,2009,2,191.45
MO,2009,3,189.89
MO,2009,4,190.59
MO,2010,1,186.98
MO,2010,2,189.01
MO,2010,3,185.35
MO,2010,4,179.99
MO,2011,1,177.63
MO,2011,2,175.06
MO,2011,3,178.45
MO,2011,4,177.51
MO,2012,1,180.67
MO,2012,2,181.81
MO,2012,3,181.64
MO,2012,4,185.72
MO,2013,1,185.59
MO,2013,2,188.60
MO,2013,3,191.69
MO,2013,4,192.08
MS,1991,1,100.00
MS,1991,2,99.17
MS,1991,3,99.09
MS,1991,4,100.96
MS,1992,1,103.40
MS,1992,2,103.71
MS,1992,3,103.87
MS,1992,4,104.39
MS,1993,1,105.14
MS,1993,2,106.16
MS,1993,3,108.18
MS,1993,4,109.72
MS,1994,1,111.48
MS,1994,2,113.35
MS,1994,3,114.36
MS,1994,4,115.72
MS,1995,1,116.50
MS,1995,2,117.78
MS,1995,3,118.82
MS,1995,4,120.36
MS,1996,1,120.35
MS,1996,2,121.53
MS,1996,3,123.92
MS,1996,4,124.71
MS,1997,1,125.42
MS,1997,2,126.55
MS,1997,3,126.65
MS,1997,4,127.70
MS,1998,1,129.85
MS,1998,2,131.01
MS,1998,3,131.79
MS,1998,4,134.28
MS,1999,1,136.00
MS,1999,2,137.11
MS,1999,3,138.37
MS,1999,4,138.11
MS,2000,1,139.10
MS,2000,2,141.36
MS,2000,3,142.61
MS,2000,4,142.59
MS,2001,1,143.30
MS,2001,2,144.59
MS,2001,3,146.00
MS,2001,4,147.41
MS,2002,1,147.85
MS,2002,2,147.48
MS,2002,3,149.76
MS,2002,4,152.43
MS,2003,1,153.20
MS,2003,2,153.78
MS,2003,3,154.65
MS,2003,4,154.96
MS,2004,1,157.67
MS,2004,2,160.17
MS,2004,3,161.77
MS,2004,4,162.26
MS,2005,1,166.28
MS,2005,2,168.16
MS,2005,3,172.67
MS,2005,4,177.97
MS,2006,1,181.18
MS,2006,2,185.13
MS,2006,3,188.02
MS,2006,4,191.43
MS,2007,1,197.04
MS,2007,2,193.72
MS,2007,3,192.52
MS,2007,4,193.94
MS,2008,1,193.13
MS,2008,2,192.03
MS,2008,3,185.06
MS,2008,4,185.86
MS,2009,1,180.29
MS,2009,2,181.41
MS,2009,3,182.52
MS,2009,4,178.14
MS,2010,1,176.53
MS,2010,2,176.38
MS,2010,3,175.82
MS,2010,4,172.41
MS,2011,1,170.74
MS,2011,2,171.77
MS,2011,3,172.39
MS,2011,4,176.82
MS,2012,1,174.60
MS,2012,2,173.52
MS,2012,3,176.25
MS,2012,4,176.31
MS,2013,1,181.03
MS,2013,2,181.31
MS,2013,3,178.78
MS,2013,4,179.41
MT,1991,1,100.00
MT,1991,2,104.24
MT,1991,3,106.36
MT,1991,4,109.72
MT,1992,1,112.10
MT,1992,2,113.52
MT,1992,3,117.57
MT,1992,4,120.62
MT,1993,1,124.73
MT,1993,2,128.81
MT,1993,3,131.46
MT,1993,4,136.06
MT,1994,1,138.11
MT,1994,2,145.03
MT,1994,3,142.87
MT,1994,4,146.86
MT,1995,1,148.72
MT,1995,2,149.46
MT,1995,3,153.15
MT,1995,4,153.36
MT,1996,1,154.72
MT,1996,2,157.30
MT,1996,3,158.85
MT,1996,4,158.41
MT,1997,1,161.96
MT,1997,2,160.64
MT,1997,3,160.20
MT,1997,4,162.24
MT,1998,1,163.71
MT,1998,2,164.15
MT,1998,3,164.63
MT,1998,4,166.33
MT,1999,1,166.86
MT,1999,2,169.58
MT,1999,3,172.42
MT,1999,4,172.52
MT,2000,1,174.54
MT,2000,2,176.29
MT,2000,3,178.62
MT,2000,4,179.93
MT,2001,1,186.70
MT,2001,2,186.13
MT,2001,3,186.63
MT,2001,4,191.07
MT,2002,1,194.61
MT,2002,2,196.42
MT,2002,3,201.25
MT,2002,4,205.42
MT,2003,1,209.00
MT,2003,2,214.60
MT,2003,3,220.04
MT,2003,4,223.87
MT,2004,1,227.98
MT,2004,2,235.92
MT,2004,3,242.00
MT,2004,4,246.75
MT,2005,1,253.73
MT,2005,2,263.78
MT,2005,3,268.86
MT,2005,4,277.43
MT,2006,1,286.60
MT,2006,2,292.27
MT,2006,3,300.07
MT,2006,4,305.36
MT,2007,1,309.26
MT,2007,2,315.29
MT,2007,3,315.67
MT,2007,4,321.19
MT,2008,1,318.83
MT,2008,2,315.01
MT,2008,3,313.74
MT,2008,4,304.07
MT,2009,1,309.42
MT,2009,2,303.32
MT,2009,3,304.33
MT,2009,4,301.26
MT,2010,1,299.95
MT,2010,2,296.20
MT,2010,3,292.26
MT,2010,4,283.35
MT,2011,1,280.84
MT,2011,2,289.14
MT,2011,3,284.74
MT,2011,4,287.22
MT,2012,1,287.63
MT,2012,2,292.27
MT,2012,3,297.95
MT,2012,4,306.37
MT,2013,1,313.84
MT,2013,2,313.96
MT,2013,3,317.41
MT,2013,4,325.09
NC,1991,1,100.00
NC,1991,2,100.14
NC,1991,3,99.76
NC,1991,4,101.13
NC,1992,1,102.08
NC,1992,2,102.19
NC,1992,3,103.41
NC,1992,4,104.31
NC,1993,1,104.05
NC,1993,2,105.88
NC,1993,3,106.70
NC,1993,4,107.92
NC,1994,1,109.41
NC,1994,2,111.15
NC,1994,3,112.82
NC,1994,4,114.24
NC,1995,1,115.45
NC,1995,2,116.21
NC,1995,3,117.65
NC,1995,4,118.98
NC,1996,1,120.83
NC,1996,2,121.85
NC,1996,3,123.56
NC,1996,4,124.26
NC,1997,1,125.85
NC,1997,2,127.62
NC,1997,3,128.22
NC,1997,4,129.87
NC,1998,1,130.77
NC,1998,2,132.23
NC,1998,3,133.68
NC,1998,4,135.14
NC,1999,1,136.47
NC,1999,2,138.20
NC,1999,3,139.47
NC,1999,4,141.10
NC,2000,1,141.76
NC,2000,2,143.54
NC,2000,3,145.20
NC,2000,4,146.46
NC,2001,1,147.94
NC,2001,2,148.61
NC,2001,3,149.43
NC,2001,4,150.00
NC,2002,1,151.43
NC,2002,2,152.53
NC,2002,3,154.13
NC,2002,4,155.35
NC,2003,1,156.62
NC,2003,2,157.74
NC,2003,3,158.75
NC,2003,4,160.13
NC,2004,1,161.66
NC,2004,2,165.23
NC,2004,3,166.53
NC,2004,4,169.53
NC,2005,1,172.89
NC,2005,2,175.19
NC,2005,3,178.66
NC,2005,4,183.04
NC,2006,1,187.02
NC,2006,2,189.52
NC,2006,3,193.38
NC,2006,4,197.41
NC,2007,1,199.81
NC,2007,2,200.59
NC,2007,3,202.95
NC,2007,4,201.74
NC,2008,1,201.67
NC,2008,2,202.75
NC,2008,3,198.47
NC,2008,4,193.70
NC,2009,1,199.35
NC,2009,2,194.73
NC,2009,3,193.12
NC,2009,4,190.91
NC,2010,1,186.91
NC,2010,2,186.29
NC,2010,3,182.70
NC,2010,4,185.18
NC,2011,1,176.14
NC,2011,2,175.83
NC,2011,3,176.77
NC,2011,4,177.86
NC,2012,1,176.18
NC,2012,2,177.61
NC,2012,3,178.63
NC,2012,4,180.00
NC,2013,1,185.04
NC,2013,2,186.91
NC,2013,3,190.15
NC,2013,4,191.17
ND,1991,1,100.00
ND,1991,2,99.87
ND,1991,3,98.57
ND,1991,4,100.41
ND,1992,1,101.75
ND,1992,2,103.05
ND,1992,3,103.29
ND,1992,4,105.19
ND,1993,1,107.20
ND,1993,2,108.82
ND,1993,3,112.06
ND,1993,4,113.87
ND,1994,1,114.63
ND,1994,2,117.41
ND,1994,3,118.32
ND,1994,4,119.29
ND,1995,1,121.76
ND,1995,2,122.28
ND,1995,3,119.78
ND,1995,4,122.85
ND,1996,1,123.29
ND,1996,2,123.88
ND,1996,3,125.87
ND,1996,4,126.01
ND,1997,1,126.72
ND,1997,2,127.14
ND,1997,3,129.67
ND,1997,4,129.20
ND,1998,1,129.71
ND,1998,2,131.93
ND,1998,3,134.13
ND,1998,4,135.69
ND,1999,1,135.36
ND,1999,2,136.58
ND,1999,3,136.40
ND,1999,4,136.40
ND,2000,1,139.50
ND,2000,2,139.19
ND,2000,3,140.87
ND,2000,4,138.36
ND,2001,1,143.94
ND,2001,2,143.62
ND,2001,3,143.05
ND,2001,4,147.16
ND,2002,1,147.99
ND,2002,2,150.69
ND,2002,3,153.30
ND,2002,4,157.65
ND,2003,1,158.84
ND,2003,2,160.12
ND,2003,3,162.96
ND,2003,4,164.90
ND,2004,1,166.94
ND,2004,2,171.34
ND,2004,3,174.77
ND,2004,4,177.19
ND,2005,1,182.13
ND,2005,2,184.13
ND,2005,3,187.86
ND,2005,4,192.15
ND,2006,1,191.64
ND,2006,2,199.16
ND,2006,3,200.37
ND,2006,4,202.42
ND,2007,1,204.11
ND,2007,2,207.64
ND,2007,3,210.02
ND,2007,4,207.96
ND,2008,1,211.12
ND,2008,2,211.64
ND,2008,3,212.89
ND,2008,4,213.58
ND,2009,1,213.02
ND,2009,2,219.26
ND,2009,3,215.49
ND,2009,4,217.52
ND,2010,1,225.38
ND,2010,2,219.82
ND,2010,3,218.66
ND,2010,4,224.54
ND,2011,1,228.19
ND,2011,2,229.19
ND,2011,3,231.72
ND,2011,4,234.73
ND,2012,1,238.21
ND,2012,2,246.05
ND,2012,3,253.52
ND,2012,4,257.13
ND,2013,1,259.71
ND,2013,2,263.37
ND,2013,3,270.34
ND,2013,4,272.83
NE,1991,1,100.00
NE,1991,2,101.28
NE,1991,3,101.68
NE,1991,4,102.27
NE,1992,1,106.37
NE,1992,2,106.92
NE,1992,3,108.74
NE,1992,4,110.54
NE,1993,1,112.45
NE,1993,2,114.38
NE,1993,3,116.42
NE,1993,4,120.16
NE,1994,1,120.46
NE,1994,2,121.05
NE,1994,3,123.54
NE,1994,4,124.34
NE,1995,1,125.97
NE,1995,2,128.29
NE,1995,3,129.32
NE,1995,4,130.73
NE,1996,1,132.24
NE,1996,2,134.34
NE,1996,3,136.22
NE,1996,4,137.24
NE,1997,1,139.09
NE,1997,2,141.38
NE,1997,3,142.02
NE,1997,4,144.42
NE,1998,1,147.57
NE,1998,2,147.22
NE,1998,3,148.17
NE,1998,4,154.23
NE,1999,1,154.39
NE,1999,2,155.64
NE,1999,3,156.87
NE,1999,4,157.45
NE,2000,1,158.76
NE,2000,2,160.52
NE,2000,3,161.52
NE,2000,4,162.80
NE,2001,1,163.12
NE,2001,2,165.39
NE,2001,3,166.35
NE,2001,4,166.92
NE,2002,1,169.04
NE,2002,2,170.25
NE,2002,3,172.14
NE,2002,4,173.98
NE,2003,1,176.30
NE,2003,2,177.55
NE,2003,3,178.93
NE,2003,4,180.79
NE,2004,1,182.87
NE,2004,2,183.30
NE,2004,3,187.40
NE,2004,4,189.16
NE,2005,1,190.79
NE,2005,2,190.49
NE,2005,3,192.94
NE,2005,4,194.71
NE,2006,1,195.64
NE,2006,2,197.82
NE,2006,3,198.78
NE,2006,4,198.15
NE,2007,1,199.88
NE,2007,2,200.77
NE,2007,3,199.03
NE,2007,4,197.80
NE,2008,1,196.35
NE,2008,2,193.91
NE,2008,3,191.96
NE,2008,4,192.24
NE,2009,1,191.04
NE,2009,2,193.91
NE,2009,3,195.55
NE,2009,4,195.89
NE,2010,1,190.99
NE,2010,2,194.42
NE,2010,3,192.85
NE,2010,4,187.74
NE,2011,1,189.94
NE,2011,2,189.40
NE,2011,3,191.75
NE,2011,4,192.18
NE,2012,1,194.30
NE,2012,2,196.43
NE,2012,3,197.11
NE,2012,4,201.53
NE,2013,1,203.97
NE,2013,2,204.89
NE,2013,3,207.69
NE,2013,4,210.73
NH,1991,1,100.00
NH,1991,2,98.63
NH,1991,3,97.20
NH,1991,4,95.75
NH,1992,1,95.86
NH,1992,2,94.55
NH,1992,3,93.31
NH,1992,4,93.42
NH,1993,1,91.81
NH,1993,2,92.48
NH,1993,3,92.65
NH,1993,4,92.85
NH,1994,1,94.69
NH,1994,2,93.29
NH,1994,3,93.40
NH,1994,4,94.23
NH,1995,1,92.79
NH,1995,2,94.90
NH,1995,3,95.70
NH,1995,4,95.78
NH,1996,1,96.30
NH,1996,2,96.78
NH,1996,3,99.06
NH,1996,4,98.14
NH,1997,1,100.28
NH,1997,2,101.62
NH,1997,3,102.43
NH,1997,4,104.51
NH,1998,1,106.36
NH,1998,2,108.69
NH,1998,3,111.50
NH,1998,4,113.53
NH,1999,1,116.06
NH,1999,2,120.58
NH,1999,3,122.32
NH,1999,4,125.83
NH,2000,1,130.91
NH,2000,2,135.17
NH,2000,3,139.36
NH,2000,4,146.56
NH,2001,1,150.01
NH,2001,2,154.96
NH,2001,3,160.58
NH,2001,4,163.93
NH,2002,1,167.69
NH,2002,2,173.75
NH,2002,3,181.69
NH,2002,4,185.19
NH,2003,1,189.90
NH,2003,2,194.39
NH,2003,3,198.61
NH,2003,4,204.81
NH,2004,1,209.70
NH,2004,2,213.52
NH,2004,3,217.24
NH,2004,4,224.28
NH,2005,1,229.30
NH,2005,2,232.15
NH,2005,3,236.52
NH,2005,4,238.21
NH,2006,1,237.12
NH,2006,2,236.71
NH,2006,3,234.27
NH,2006,4,230.78
NH,2007,1,233.05
NH,2007,2,232.31
NH,2007,3,228.65
NH,2007,4,224.22
NH,2008,1,220.46
NH,2008,2,215.69
NH,2008,3,209.89
NH,2008,4,204.93
NH,2009,1,210.11
NH,2009,2,205.57
NH,2009,3,198.99
NH,2009,4,203.26
NH,2010,1,196.67
NH,2010,2,196.24
NH,2010,3,199.79
NH,2010,4,196.04
NH,2011,1,190.06
NH,2011,2,189.00
NH,2011,3,190.62
NH,2011,4,192.58
NH,2012,1,188.66
NH,2012,2,189.88
NH,2012,3,188.43
NH,2012,4,189.79
NH,2013,1,194.32
NH,2013,2,197.56
NH,2013,3,199.19
NH,2013,4,198.79
NJ,1991,1,100.00
NJ,1991,2,99.36
NJ,1991,3,99.09
NJ,1991,4,99.63
NJ,1992,1,101.26
NJ,1992,2,100.50
NJ,1992,3,100.65
NJ,1992,4,101.39
NJ,1993,1,100.62
NJ,1993,2,101.34
NJ,1993,3,101.32
NJ,1993,4,102.01
NJ,1994,1,102.48
NJ,1994,2,102.23
NJ,1994,3,102.28
NJ,1994,4,101.61
NJ,1995,1,101.77
NJ,1995,2,101.51
NJ,1995,3,102.16
NJ,1995,4,101.94
NJ,1996,1,102.06
NJ,1996,2,102.80
NJ,1996,3,102.56
NJ,1996,4,102.87
NJ,1997,1,103.02
NJ,1997,2,103.77
NJ,1997,3,104.11
NJ,1997,4,105.64
NJ,1998,1,107.08
NJ,1998,2,108.28
NJ,1998,3,109.60
NJ,1998,4,110.77
NJ,1999,1,112.73
NJ,1999,2,115.24
NJ,1999,3,118.02
NJ,1999,4,120.16
NJ,2000,1,123.40
NJ,2000,2,126.40
NJ,2000,3,129.37
NJ,2000,4,133.62
NJ,2001,1,137.42
NJ,2001,2,140.53
NJ,2001,3,145.66
NJ,2001,4,149.80
NJ,2002,1,154.39
NJ,2002,2,160.52
NJ,2002,3,166.92
NJ,2002,4,173.29
NJ,2003,1,177.38
NJ,2003,2,183.78
NJ,2003,3,189.28
NJ,2003,4,195.76
NJ,2004,1,202.51
NJ,2004,2,209.91
NJ,2004,3,217.20
NJ,2004,4,225.14
NJ,2005,1,232.56
NJ,2005,2,239.98
NJ,2005,3,248.60
NJ,2005,4,254.30
NJ,2006,1,258.03
NJ,2006,2,259.84
NJ,2006,3,258.58
NJ,2006,4,257.87
NJ,2007,1,258.48
NJ,2007,2,258.08
NJ,2007,3,254.45
NJ,2007,4,253.21
NJ,2008,1,248.52
NJ,2008,2,242.95
NJ,2008,3,238.19
NJ,2008,4,233.73
NJ,2009,1,232.75
NJ,2009,2,227.58
NJ,2009,3,225.35
NJ,2009,4,223.56
NJ,2010,1,225.56
NJ,2010,2,223.19
NJ,2010,3,220.79
NJ,2010,4,220.26
NJ,2011,1,214.71
NJ,2011,2,210.32
NJ,2011,3,210.17
NJ,2011,4,208.27
NJ,2012,1,206.44
NJ,2012,2,208.03
NJ,2012,3,207.03
NJ,2012,4,207.83
NJ,2013,1,210.09
NJ,2013,2,212.72
NJ,2013,3,213.63
NJ,2013,4,213.78
NM,1991,1,100.00
NM,1991,2,100.99
NM,1991,3,100.86
NM,1991,4,103.60
NM,1992,1,106.19
NM,1992,2,106.26
NM,1992,3,108.09
NM,1992,4,110.40
NM,1993,1,111.77
NM,1993,2,115.33
NM,1993,3,118.07
NM,1993,4,120.54
NM,1994,1,125.18
NM,1994,2,126.94
NM,1994,3,130.59
NM,1994,4,133.34
NM,1995,1,133.45
NM,1995,2,135.75
NM,1995,3,137.42
NM,1995,4,136.80
NM,1996,1,137.18
NM,1996,2,138.83
NM,1996,3,138.66
NM,1996,4,138.09
NM,1997,1,139.37
NM,1997,2,140.47
NM,1997,3,138.82
NM,1997,4,139.13
NM,1998,1,139.62
NM,1998,2,140.35
NM,1998,3,141.84
NM,1998,4,143.56
NM,1999,1,144.24
NM,1999,2,143.49
NM,1999,3,144.41
NM,1999,4,146.31
NM,2000,1,145.67
NM,2000,2,145.46
NM,2000,3,146.07
NM,2000,4,145.83
NM,2001,1,149.01
NM,2001,2,149.72
NM,2001,3,150.94
NM,2001,4,151.20
NM,2002,1,153.11
NM,2002,2,156.33
NM,2002,3,158.29
NM,2002,4,161.14
NM,2003,1,162.69
NM,2003,2,165.15
NM,2003,3,168.37
NM,2003,4,171.74
NM,2004,1,174.97
NM,2004,2,178.85
NM,2004,3,182.93
NM,2004,4,186.73
NM,2005,1,192.92
NM,2005,2,199.95
NM,2005,3,207.76
NM,2005,4,215.25
NM,2006,1,221.48
NM,2006,2,228.92
NM,2006,3,234.15
NM,2006,4,238.65
NM,2007,1,242.08
NM,2007,2,244.46
NM,2007,3,242.39
NM,2007,4,240.73
NM,2008,1,241.77
NM,2008,2,238.04
NM,2008,3,235.43
NM,2008,4,233.14
NM,2009,1,224.94
NM,2009,2,228.07
NM,2009,3,222.41
NM,2009,4,223.98
NM,2010,1,222.18
NM,2010,2,214.83
NM,2010,3,213.48
NM,2010,4,211.65
NM,2011,1,206.47
NM,2011,2,202.38
NM,2011,3,203.96
NM,2011,4,202.68
NM,2012,1,202.21
NM,2012,2,207.96
NM,2012,3,206.55
NM,2012,4,203.80
NM,2013,1,208.49
NM,2013,2,210.65
NM,2013,3,211.41
NM,2013,4,213.68
NV,1991,1,100.00
NV,1991,2,100.08
NV,1991,3,100.21
NV,1991,4,101.67
NV,1992,1,103.24
NV,1992,2,101.39
NV,1992,3,103.61
NV,1992,4,104.24
NV,1993,1,104.36
NV,1993,2,105.23
NV,1993,3,105.55
NV,1993,4,106.42
NV,1994,1,107.96
NV,1994,2,108.60
NV,1994,3,109.67
NV,1994,4,110.26
NV,1995,1,110.93
NV,1995,2,112.80
NV,1995,3,113.33
NV,1995,4,113.75
NV,1996,1,114.48
NV,1996,2,114.87
NV,1996,3,115.25
NV,1996,4,115.66
NV,1997,1,116.72
NV,1997,2,116.88
NV,1997,3,118.26
NV,1997,4,117.95
NV,1998,1,116.87
NV,1998,2,118.54
NV,1998,3,119.00
NV,1998,4,120.32
NV,1999,1,121.17
NV,1999,2,121.04
NV,1999,3,122.70
NV,1999,4,123.93
NV,2000,1,124.52
NV,2000,2,126.23
NV,2000,3,126.39
NV,2000,4,128.45
NV,2001,1,131.53
NV,2001,2,133.86
NV,2001,3,135.90
NV,2001,4,138.47
NV,2002,1,141.12
NV,2002,2,143.15
NV,2002,3,146.75
NV,2002,4,150.38
NV,2003,1,154.41
NV,2003,2,158.09
NV,2003,3,165.28
NV,2003,4,175.96
NV,2004,1,187.84
NV,2004,2,206.12
NV,2004,3,221.33
NV,2004,4,231.46
NV,2005,1,242.01
NV,2005,2,256.54
NV,2005,3,260.14
NV,2005,4,271.36
NV,2006,1,276.00
NV,2006,2,272.69
NV,2006,3,271.06
NV,2006,4,268.39
NV,2007,1,265.68
NV,2007,2,261.06
NV,2007,3,250.04
NV,2007,4,236.17
NV,2008,1,220.15
NV,2008,2,198.93
NV,2008,3,183.97
NV,2008,4,160.67
NV,2009,1,151.54
NV,2009,2,143.42
NV,2009,3,136.35
NV,2009,4,135.47
NV,2010,1,132.49
NV,2010,2,131.90
NV,2010,3,128.77
NV,2010,4,125.74
NV,2011,1,120.56
NV,2011,2,114.49
NV,2011,3,112.82
NV,2011,4,109.89
NV,2012,1,112.42
NV,2012,2,118.78
NV,2012,3,124.09
NV,2012,4,131.02
NV,2013,1,138.28
NV,2013,2,146.01
NV,2013,3,156.42
NV,2013,4,162.88
NY,1991,1,100.00
NY,1991,2,99.21
NY,1991,3,99.18
NY,1991,4,99.70
NY,1992,1,101.14
NY,1992,2,100.15
NY,1992,3,100.52
NY,1992,4,101.82
NY,1993,1,100.23
NY,1993,2,101.03
NY,1993,3,100.36
NY,1993,4,100.18
NY,1994,1,99.86
NY,1994,2,99.68
NY,1994,3,99.26
NY,1994,4,98.58
NY,1995,1,98.80
NY,1995,2,98.84
NY,1995,3,99.00
NY,1995,4,98.42
NY,1996,1,99.93
NY,1996,2,99.01
NY,1996,3,99.24
NY,1996,4,99.27
NY,1997,1,99.77
NY,1997,2,100.59
NY,1997,3,100.83
NY,1997,4,101.53
NY,1998,1,102.44
NY,1998,2,104.26
NY,1998,3,106.22
NY,1998,4,107.92
NY,1999,1,109.74
NY,1999,2,112.25
NY,1999,3,114.84
NY,1999,4,117.35
NY,2000,1,120.19
NY,2000,2,122.50
NY,2000,3,125.60
NY,2000,4,128.96
NY,2001,1,131.76
NY,2001,2,135.19
NY,2001,3,138.69
NY,2001,4,142.44
NY,2002,1,146.52
NY,2002,2,151.01
NY,2002,3,155.73
NY,2002,4,159.33
NY,2003,1,165.90
NY,2003,2,168.30
NY,2003,3,173.40
NY,2003,4,178.88
NY,2004,1,183.87
NY,2004,2,188.68
NY,2004,3,192.41
NY,2004,4,198.21
NY,2005,1,202.47
NY,2005,2,204.96
NY,2005,3,212.09
NY,2005,4,214.47
NY,2006,1,217.27
NY,2006,2,218.33
NY,2006,3,217.39
NY,2006,4,218.16
NY,2007,1,218.65
NY,2007,2,220.53
NY,2007,3,219.89
NY,2007,4,219.51
NY,2008,1,218.09
NY,2008,2,216.56
NY,2008,3,215.96
NY,2008,4,211.84
NY,2009,1,211.03
NY,2009,2,208.69
NY,2009,3,208.61
NY,2009,4,209.39
NY,2010,1,208.75
NY,2010,2,208.38
NY,2010,3,207.09
NY,2010,4,207.92
NY,2011,1,202.88
NY,2011,2,203.54
NY,2011,3,202.92
NY,2011,4,201.23
NY,2012,1,202.24
NY,2012,2,202.85
NY,2012,3,202.96
NY,2012,4,203.95
NY,2013,1,205.30
NY,2013,2,206.72
NY,2013,3,208.99
NY,2013,4,211.49
OH,1991,1,100.00
OH,1991,2,100.58
OH,1991,3,101.15
OH,1991,4,102.26
OH,1992,1,104.28
OH,1992,2,104.84
OH,1992,3,106.13
OH,1992,4,107.29
OH,1993,1,108.13
OH,1993,2,109.48
OH,1993,3,111.08
OH,1993,4,112.57
OH,1994,1,113.76
OH,1994,2,115.34
OH,1994,3,116.32
OH,1994,4,117.53
OH,1995,1,119.18
OH,1995,2,119.73
OH,1995,3,121.30
OH,1995,4,122.72
OH,1996,1,124.28
OH,1996,2,125.68
OH,1996,3,126.58
OH,1996,4,127.53
OH,1997,1,128.35
OH,1997,2,129.20
OH,1997,3,130.31
OH,1997,4,131.11
OH,1998,1,132.73
OH,1998,2,133.63
OH,1998,3,134.88
OH,1998,4,136.76
OH,1999,1,138.66
OH,1999,2,139.98
OH,1999,3,141.66
OH,1999,4,142.94
OH,2000,1,144.27
OH,2000,2,145.81
OH,2000,3,147.21
OH,2000,4,148.44
OH,2001,1,149.80
OH,2001,2,151.18
OH,2001,3,152.25
OH,2001,4,153.57
OH,2002,1,155.61
OH,2002,2,155.99
OH,2002,3,157.75
OH,2002,4,159.50
OH,2003,1,160.74
OH,2003,2,162.24
OH,2003,3,163.57
OH,2003,4,165.19
OH,2004,1,166.65
OH,2004,2,167.80
OH,2004,3,169.23
OH,2004,4,170.48
OH,2005,1,171.93
OH,2005,2,173.25
OH,2005,3,173.60
OH,2005,4,175.13
OH,2006,1,175.84
OH,2006,2,175.67
OH,2006,3,174.90
OH,2006,4,174.80
OH,2007,1,175.04
OH,2007,2,173.75
OH,2007,3,172.11
OH,2007,4,170.26
OH,2008,1,167.26
OH,2008,2,165.31
OH,2008,3,162.85
OH,2008,4,159.34
OH,2009,1,158.58
OH,2009,2,158.71
OH,2009,3,159.00
OH,2009,4,159.34
OH,2010,1,159.12
OH,2010,2,156.56
OH,2010,3,153.35
OH,2010,4,153.23
OH,2011,1,148.62
OH,2011,2,148.89
OH,2011,3,149.81
OH,2011,4,150.69
OH,2012,1,151.44
OH,2012,2,153.62
OH,2012,3,154.33
OH,2012,4,154.57
OH,2013,1,156.76
OH,2013,2,158.87
OH,2013,3,160.92
OH,2013,4,162.78
OK,1991,1,100.00
OK,1991,2,100.19
OK,1991,3,101.02
OK,1991,4,101.55
OK,1992,1,102.59
OK,1992,2,102.42
OK,1992,3,103.16
OK,1992,4,104.46
OK,1993,1,105.73
OK,1993,2,107.43
OK,1993,3,108.93
OK,1993,4,110.64
OK,1994,1,111.97
OK,1994,2,113.32
OK,1994,3,113.57
OK,1994,4,115.08
OK,1995,1,115.04
OK,1995,2,115.74
OK,1995,3,117.33
OK,1995,4,118.24
OK,1996,1,119.16
OK,1996,2,120.41
OK,1996,3,121.29
OK,1996,4,121.73
OK,1997,1,122.62
OK,1997,2,123.63
OK,1997,3,124.35
OK,1997,4,125.26
OK,1998,1,126.90
OK,1998,2,128.59
OK,1998,3,129.70
OK,1998,4,132.37
OK,1999,1,134.16
OK,1999,2,134.90
OK,1999,3,137.26
OK,1999,4,138.14
OK,2000,1,139.81
OK,2000,2,141.02
OK,2000,3,142.26
OK,2000,4,144.13
OK,2001,1,145.09
OK,2001,2,146.59
OK,2001,3,148.28
OK,2001,4,149.03
OK,2002,1,151.06
OK,2002,2,151.63
OK,2002,3,152.87
OK,2002,4,155.39
OK,2003,1,155.97
OK,2003,2,157.52
OK,2003,3,159.29
OK,2003,4,160.67
OK,2004,1,162.79
OK,2004,2,164.54
OK,2004,3,164.24
OK,2004,4,167.98
OK,2005,1,169.15
OK,2005,2,172.06
OK,2005,3,174.83
OK,2005,4,177.85
OK,2006,1,180.86
OK,2006,2,182.69
OK,2006,3,183.81
OK,2006,4,186.34
OK,2007,1,191.03
OK,2007,2,189.26
OK,2007,3,193.79
OK,2007,4,194.81
OK,2008,1,193.56
OK,2008,2,193.60
OK,2008,3,192.92
OK,2008,4,189.13
OK,2009,1,192.47
OK,2009,2,194.30
OK,2009,3,194.17
OK,2009,4,193.83
OK,2010,1,194.75
OK,2010,2,194.58
OK,2010,3,193.06
OK,2010,4,192.15
OK,2011,1,186.52
OK,2011,2,192.69
OK,2011,3,188.73
OK,2011,4,193.78
OK,2012,1,192.18
OK,2012,2,193.69
OK,2012,3,196.32
OK,2012,4,199.59
OK,2013,1,203.27
OK,2013,2,204.25
OK,2013,3,205.21
OK,2013,4,203.66
OR,1991,1,100.00
OR,1991,2,101.93
OR,1991,3,103.67
OR,1991,4,105.35
OR,1992,1,108.32
OR,1992,2,110.16
OR,1992,3,112.65
OR,1992,4,115.14
OR,1993,1,116.86
OR,1993,2,119.60
OR,1993,3,122.54
OR,1993,4,126.42
OR,1994,1,128.78
OR,1994,2,132.88
OR,1994,3,135.89
OR,1994,4,139.21
OR,1995,1,142.22
OR,1995,2,143.91
OR,1995,3,146.58
OR,1995,4,148.61
OR,1996,1,151.39
OR,1996,2,154.50
OR,1996,3,156.71
OR,1996,4,159.45
OR,1997,1,162.54
OR,1997,2,163.30
OR,1997,3,165.11
OR,1997,4,166.11
OR,1998,1,165.67
OR,1998,2,169.49
OR,1998,3,170.66
OR,1998,4,172.09
OR,1999,1,173.52
OR,1999,2,175.88
OR,1999,3,176.55
OR,1999,4,177.71
OR,2000,1,180.19
OR,2000,2,180.23
OR,2000,3,181.66
OR,2000,4,184.45
OR,2001,1,186.83
OR,2001,2,189.07
OR,2001,3,191.39
OR,2001,4,193.43
OR,2002,1,196.19
OR,2002,2,199.10
OR,2002,3,202.29
OR,2002,4,205.12
OR,2003,1,208.95
OR,2003,2,213.41
OR,2003,3,216.06
OR,2003,4,221.77
OR,2004,1,227.59
OR,2004,2,233.07
OR,2004,3,241.44
OR,2004,4,250.07
OR,2005,1,258.85
OR,2005,2,269.68
OR,2005,3,284.78
OR,2005,4,298.12
OR,2006,1,308.77
OR,2006,2,318.81
OR,2006,3,325.95
OR,2006,4,328.97
OR,2007,1,338.42
OR,2007,2,340.51
OR,2007,3,336.75
OR,2007,4,333.80
OR,2008,1,328.07
OR,2008,2,323.07
OR,2008,3,313.93
OR,2008,4,304.30
OR,2009,1,301.68
OR,2009,2,288.00
OR,2009,3,284.23
OR,2009,4,280.97
OR,2010,1,275.56
OR,2010,2,277.19
OR,2010,3,261.85
OR,2010,4,255.70
OR,2011,1,249.66
OR,2011,2,244.80
OR,2011,3,247.52
OR,2011,4,248.88
OR,2012,1,248.62
OR,2012,2,252.96
OR,2012,3,261.80
OR,2012,4,265.12
OR,2013,1,276.44
OR,2013,2,287.24
OR,2013,3,291.52
OR,2013,4,299.23
PA,1991,1,100.00
PA,1991,2,99.62
PA,1991,3,99.88
PA,1991,4,100.85
PA,1992,1,101.84
PA,1992,2,101.90
PA,1992,3,101.95
PA,1992,4,102.44
PA,1993,1,102.42
PA,1993,2,103.11
PA,1993,3,103.31
PA,1993,4,104.12
PA,1994,1,104.59
PA,1994,2,104.69
PA,1994,3,105.28
PA,1994,4,104.76
PA,1995,1,104.13
PA,1995,2,104.91
PA,1995,3,104.94
PA,1995,4,105.16
PA,1996,1,105.37
PA,1996,2,105.75
PA,1996,3,106.29
PA,1996,4,106.08
PA,1997,1,106.81
PA,1997,2,106.69
PA,1997,3,106.92
PA,1997,4,107.68
PA,1998,1,108.05
PA,1998,2,109.15
PA,1998,3,109.56
PA,1998,4,111.06
PA,1999,1,112.08
PA,1999,2,112.94
PA,1999,3,114.41
PA,1999,4,115.30
PA,2000,1,116.91
PA,2000,2,118.46
PA,2000,3,119.54
PA,2000,4,121.37
PA,2001,1,123.46
PA,2001,2,125.58
PA,2001,3,127.61
PA,2001,4,129.53
PA,2002,1,132.23
PA,2002,2,134.81
PA,2002,3,137.63
PA,2002,4,141.58
PA,2003,1,144.20
PA,2003,2,147.26
PA,2003,3,150.88
PA,2003,4,153.47
PA,2004,1,157.70
PA,2004,2,162.58
PA,2004,3,167.03
PA,2004,4,172.36
PA,2005,1,174.95
PA,2005,2,180.17
PA,2005,3,186.07
PA,2005,4,190.09
PA,2006,1,193.94
PA,2006,2,194.98
PA,2006,3,197.06
PA,2006,4,198.79
PA,2007,1,200.47
PA,2007,2,202.29
PA,2007,3,201.06
PA,2007,4,201.57
PA,2008,1,200.39
PA,2008,2,197.94
PA,2008,3,196.08
PA,2008,4,192.89
PA,2009,1,191.54
PA,2009,2,190.79
PA,2009,3,190.95
PA,2009,4,192.57
PA,2010,1,191.90
PA,2010,2,189.65
PA,2010,3,187.14
PA,2010,4,188.25
PA,2011,1,184.08
PA,2011,2,185.42
PA,2011,3,185.48
PA,2011,4,183.35
PA,2012,1,184.56
PA,2012,2,185.15
PA,2012,3,185.57
PA,2012,4,188.17
PA,2013,1,189.12
PA,2013,2,192.45
PA,2013,3,194.47
PA,2013,4,195.06
RI,1991,1,100.00
RI,1991,2,97.50
RI,1991,3,95.78
RI,1991,4,96.30
RI,1992,1,96.33
RI,1992,2,94.34
RI,1992,3,94.92
RI,1992,4,96.02
RI,1993,1,93.55
RI,1993,2,93.30
RI,1993,3,92.92
RI,1993,4,92.42
RI,1994,1,92.70
RI,1994,2,93.57
RI,1994,3,92.93
RI,1994,4,91.71
RI,1995,1,92.57
RI,1995,2,92.06
RI,1995,3,91.51
RI,1995,4,92.07
RI,1996,1,91.28
RI,1996,2,91.29
RI,1996,3,91.88
RI,1996,4,90.30
RI,1997,1,91.57
RI,1997,2,91.54
RI,1997,3,91.42
RI,1997,4,92.69
RI,1998,1,93.60
RI,1998,2,95.39
RI,1998,3,96.31
RI,1998,4,97.59
RI,1999,1,99.90
RI,1999,2,100.46
RI,1999,3,104.39
RI,1999,4,106.77
RI,2000,1,107.88
RI,2000,2,113.37
RI,2000,3,116.85
RI,2000,4,120.39
RI,2001,1,123.54
RI,2001,2,128.22
RI,2001,3,133.13
RI,2001,4,138.86
RI,2002,1,145.09
RI,2002,2,151.89
RI,2002,3,159.94
RI,2002,4,166.06
RI,2003,1,172.59
RI,2003,2,180.21
RI,2003,3,185.53
RI,2003,4,193.54
RI,2004,1,202.18
RI,2004,2,208.52
RI,2004,3,218.58
RI,2004,4,222.48
RI,2005,1,232.71
RI,2005,2,234.08
RI,2005,3,237.49
RI,2005,4,236.90
RI,2006,1,239.23
RI,2006,2,239.68
RI,2006,3,236.36
RI,2006,4,235.68
RI,2007,1,230.54
RI,2007,2,228.55
RI,2007,3,225.62
RI,2007,4,222.18
RI,2008,1,216.46
RI,2008,2,210.52
RI,2008,3,202.70
RI,2008,4,197.89
RI,2009,1,203.65
RI,2009,2,192.88
RI,2009,3,195.63
RI,2009,4,193.79
RI,2010,1,187.64
RI,2010,2,188.69
RI,2010,3,188.81
RI,2010,4,186.62
RI,2011,1,183.93
RI,2011,2,178.37
RI,2011,3,177.28
RI,2011,4,176.25
RI,2012,1,178.43
RI,2012,2,177.06
RI,2012,3,176.33
RI,2012,4,178.90
RI,2013,1,178.15
RI,2013,2,183.11
RI,2013,3,187.37
RI,2013,4,180.97
SC,1991,1,100.00
SC,1991,2,100.84
SC,1991,3,101.36
SC,1991,4,101.95
SC,1992,1,102.81
SC,1992,2,103.40
SC,1992,3,104.33
SC,1992,4,105.42
SC,1993,1,105.36
SC,1993,2,105.65
SC,1993,3,107.25
SC,1993,4,108.10
SC,1994,1,109.04
SC,1994,2,110.48
SC,1994,3,110.49
SC,1994,4,111.43
SC,1995,1,113.08
SC,1995,2,113.79
SC,1995,3,114.76
SC,1995,4,114.45
SC,1996,1,116.95
SC,1996,2,118.19
SC,1996,3,118.74
SC,1996,4,121.97
SC,1997,1,122.17
SC,1997,2,122.52
SC,1997,3,123.43
SC,1997,4,125.18
SC,1998,1,126.53
SC,1998,2,128.20
SC,1998,3,129.88
SC,1998,4,131.86
SC,1999,1,133.26
SC,1999,2,135.87
SC,1999,3,137.80
SC,1999,4,139.08
SC,2000,1,140.62
SC,2000,2,143.10
SC,2000,3,143.95
SC,2000,4,145.02
SC,2001,1,146.83
SC,2001,2,147.87
SC,2001,3,149.08
SC,2001,4,149.83
SC,2002,1,152.26
SC,2002,2,152.41
SC,2002,3,153.78
SC,2002,4,155.83
SC,2003,1,155.68
SC,2003,2,157.72
SC,2003,3,159.38
SC,2003,4,160.43
SC,2004,1,163.67
SC,2004,2,164.86
SC,2004,3,168.88
SC,2004,4,170.83
SC,2005,1,173.17
SC,2005,2,176.46
SC,2005,3,180.06
SC,2005,4,185.71
SC,2006,1,188.08
SC,2006,2,191.39
SC,2006,3,192.97
SC,2006,4,197.37
SC,2007,1,198.37
SC,2007,2,201.06
SC,2007,3,201.74
SC,2007,4,200.23
SC,2008,1,202.62
SC,2008,2,199.82
SC,2008,3,196.89
SC,2008,4,190.93
SC,2009,1,194.43
SC,2009,2,192.07
SC,2009,3,191.65
SC,2009,4,190.19
SC,2010,1,187.88
SC,2010,2,183.29
SC,2010,3,178.02
SC,2010,4,181.40
SC,2011,1,171.35
SC,2011,2,171.46
SC,2011,3,172.72
SC,2011,4,177.88
SC,2012,1,174.28
SC,2012,2,178.22
SC,2012,3,177.94
SC,2012,4,177.15
SC,2013,1,181.55
SC,2013,2,184.66
SC,2013,3,188.70
SC,2013,4,188.98
SD,1991,1,100.00
SD,1991,2,102.47
SD,1991,3,103.18
SD,1991,4,102.60
SD,1992,1,107.51
SD,1992,2,106.61
SD,1992,3,109.77
SD,1992,4,111.63
SD,1993,1,113.22
SD,1993,2,115.84
SD,1993,3,117.68
SD,1993,4,120.57
SD,1994,1,122.75
SD,1994,2,124.43
SD,1994,3,125.22
SD,1994,4,128.72
SD,1995,1,125.92
SD,1995,2,130.41
SD,1995,3,129.54
SD,1995,4,132.44
SD,1996,1,134.09
SD,1996,2,133.81
SD,1996,3,137.71
SD,1996,4,137.65
SD,1997,1,136.98
SD,1997,2,140.10
SD,1997,3,141.79
SD,1997,4,142.17
SD,1998,1,145.95
SD,1998,2,145.29
SD,1998,3,145.40
SD,1998,4,146.17
SD,1999,1,150.94
SD,1999,2,151.06
SD,1999,3,152.35
SD,1999,4,154.25
SD,2000,1,156.18
SD,2000,2,158.72
SD,2000,3,161.02
SD,2000,4,160.80
SD,2001,1,162.67
SD,2001,2,164.86
SD,2001,3,166.94
SD,2001,4,170.09
SD,2002,1,168.92
SD,2002,2,173.20
SD,2002,3,171.94
SD,2002,4,175.53
SD,2003,1,176.32
SD,2003,2,178.84
SD,2003,3,183.40
SD,2003,4,184.86
SD,2004,1,186.86
SD,2004,2,189.08
SD,2004,3,194.05
SD,2004,4,194.62
SD,2005,1,198.55
SD,2005,2,202.46
SD,2005,3,202.35
SD,2005,4,209.92
SD,2006,1,208.94
SD,2006,2,212.60
SD,2006,3,213.97
SD,2006,4,216.49
SD,2007,1,218.09
SD,2007,2,219.09
SD,2007,3,220.14
SD,2007,4,223.11
SD,2008,1,224.28
SD,2008,2,224.34
SD,2008,3,223.48
SD,2008,4,222.42
SD,2009,1,223.13
SD,2009,2,225.18
SD,2009,3,221.50
SD,2009,4,224.60
SD,2010,1,223.90
SD,2010,2,221.68
SD,2010,3,220.06
SD,2010,4,218.08
SD,2011,1,220.09
SD,2011,2,220.51
SD,2011,3,221.98
SD,2011,4,223.92
SD,2012,1,222.53
SD,2012,2,229.03
SD,2012,3,229.90
SD,2012,4,232.31
SD,2013,1,234.41
SD,2013,2,237.13
SD,2013,3,242.78
SD,2013,4,245.88
TN,1991,1,100.00
TN,1991,2,100.18
TN,1991,3,100.25
TN,1991,4,101.72
TN,1992,1,102.68
TN,1992,2,102.16
TN,1992,3,104.10
TN,1992,4,104.73
TN,1993,1,104.86
TN,1993,2,106.76
TN,1993,3,108.16
TN,1993,4,109.78
TN,1994,1,111.57
TN,1994,2,113.04
TN,1994,3,114.67
TN,1994,4,115.71
TN,1995,1,118.04
TN,1995,2,119.02
TN,1995,3,120.76
TN,1995,4,122.92
TN,1996,1,123.86
TN,1996,2,125.47
TN,1996,3,127.34
TN,1996,4,128.21
TN,1997,1,129.57
TN,1997,2,130.85
TN,1997,3,131.16
TN,1997,4,132.18
TN,1998,1,133.69
TN,1998,2,135.48
TN,1998,3,136.79
TN,1998,4,138.16
TN,1999,1,139.91
TN,1999,2,140.69
TN,1999,3,142.27
TN,1999,4,143.93
TN,2000,1,144.51
TN,2000,2,146.05
TN,2000,3,146.74
TN,2000,4,147.28
TN,2001,1,148.47
TN,2001,2,149.08
TN,2001,3,149.70
TN,2001,4,151.82
TN,2002,1,152.66
TN,2002,2,153.35
TN,2002,3,155.21
TN,2002,4,155.75
TN,2003,1,157.84
TN,2003,2,159.38
TN,2003,3,161.10
TN,2003,4,163.63
TN,2004,1,164.86
TN,2004,2,167.47
TN,2004,3,170.39
TN,2004,4,172.13
TN,2005,1,176.04
TN,2005,2,178.24
TN,2005,3,181.74
TN,2005,4,185.92
TN,2006,1,190.06
TN,2006,2,193.02
TN,2006,3,195.20
TN,2006,4,198.34
TN,2007,1,201.01
TN,2007,2,203.24
TN,2007,3,203.63
TN,2007,4,203.04
TN,2008,1,202.01
TN,2008,2,199.13
TN,2008,3,196.26
TN,2008,4,192.71
TN,2009,1,193.21
TN,2009,2,190.58
TN,2009,3,190.58
TN,2009,4,189.87
TN,2010,1,186.79
TN,2010,2,187.70
TN,2010,3,183.68
TN,2010,4,181.81
TN,2011,1,179.48
TN,2011,2,178.19
TN,2011,3,183.00
TN,2011,4,181.57
TN,2012,1,180.66
TN,2012,2,184.85
TN,2012,3,185.12
TN,2012,4,188.34
TN,2013,1,193.41
TN,2013,2,195.26
TN,2013,3,198.28
TN,2013,4,200.90
TX,1991,1,100.00
TX,1991,2,100.03
TX,1991,3,100.14
TX,1991,4,99.90
TX,1992,1,101.81
TX,1992,2,101.49
TX,1992,3,102.65
TX,1992,4,103.62
TX,1993,1,103.97
TX,1993,2,105.01
TX,1993,3,106.21
TX,1993,4,107.46
TX,1994,1,108.57
TX,1994,2,109.21
TX,1994,3,109.62
TX,1994,4,110.09
TX,1995,1,110.74
TX,1995,2,111.26
TX,1995,3,112.03
TX,1995,4,112.78
TX,1996,1,113.49
TX,1996,2,113.98
TX,1996,3,114.67
TX,1996,4,114.91
TX,1997,1,115.39
TX,1997,2,116.43
TX,1997,3,117.06
TX,1997,4,118.44
TX,1998,1,120.43
TX,1998,2,121.71
TX,1998,3,123.76
TX,1998,4,125.52
TX,1999,1,127.38
TX,1999,2,129.60
TX,1999,3,131.46
TX,1999,4,134.05
TX,2000,1,136.53
TX,2000,2,138.67
TX,2000,3,141.05
TX,2000,4,143.08
TX,2001,1,144.93
TX,2001,2,146.49
TX,2001,3,147.75
TX,2001,4,148.78
TX,2002,1,149.94
TX,2002,2,151.54
TX,2002,3,152.31
TX,2002,4,153.61
TX,2003,1,154.36
TX,2003,2,155.11
TX,2003,3,156.00
TX,2003,4,157.00
TX,2004,1,158.31
TX,2004,2,159.80
TX,2004,3,161.10
TX,2004,4,162.72
TX,2005,1,164.81
TX,2005,2,167.13
TX,2005,3,169.77
TX,2005,4,172.45
TX,2006,1,175.57
TX,2006,2,177.69
TX,2006,3,180.55
TX,2006,4,183.79
TX,2007,1,186.62
TX,2007,2,188.40
TX,2007,3,189.76
TX,2007,4,190.92
TX,2008,1,190.34
TX,2008,2,190.10
TX,2008,3,191.12
TX,2008,4,188.71
TX,2009,1,189.11
TX,2009,2,188.94
TX,2009,3,189.12
TX,2009,4,190.23
TX,2010,1,190.43
TX,2010,2,190.35
TX,2010,3,189.68
TX,2010,4,186.32
TX,2011,1,186.16
TX,2011,2,186.75
TX,2011,3,187.27
TX,2011,4,188.85
TX,2012,1,192.23
TX,2012,2,195.26
TX,2012,3,198.28
TX,2012,4,201.96
TX,2013,1,204.86
TX,2013,2,208.92
TX,2013,3,212.65
TX,2013,4,216.74
UT,1991,1,100.00
UT,1991,2,100.69
UT,1991,3,101.76
UT,1991,4,103.82
UT,1992,1,106.23
UT,1992,2,108.67
UT,1992,3,109.96
UT,1992,4,114.15
UT,1993,1,117.77
UT,1993,2,122.07
UT,1993,3,127.86
UT,1993,4,133.55
UT,1994,1,138.10
UT,1994,2,144.46
UT,1994,3,148.66
UT,1994,4,151.94
UT,1995,1,155.36
UT,1995,2,157.06
UT,1995,3,161.10
UT,1995,4,164.05
UT,1996,1,168.22
UT,1996,2,170.53
UT,1996,3,173.50
UT,1996,4,175.28
UT,1997,1,175.69
UT,1997,2,177.97
UT,1997,3,179.30
UT,1997,4,180.17
UT,1998,1,182.47
UT,1998,2,184.41
UT,1998,3,183.94
UT,1998,4,186.93
UT,1999,1,187.75
UT,1999,2,188.86
UT,1999,3,189.32
UT,1999,4,191.05
UT,2000,1,191.84
UT,2000,2,192.59
UT,2000,3,194.49
UT,2000,4,194.32
UT,2001,1,196.13
UT,2001,2,197.02
UT,2001,3,196.79
UT,2001,4,197.81
UT,2002,1,199.09
UT,2002,2,199.10
UT,2002,3,200.03
UT,2002,4,202.87
UT,2003,1,202.62
UT,2003,2,205.12
UT,2003,3,206.91
UT,2003,4,207.36
UT,2004,1,211.25
UT,2004,2,214.81
UT,2004,3,218.95
UT,2004,4,224.02
UT,2005,1,229.19
UT,2005,2,236.06
UT,2005,3,245.98
UT,2005,4,256.48
UT,2006,1,266.45
UT,2006,2,276.45
UT,2006,3,287.68
UT,2006,4,300.94
UT,2007,1,310.67
UT,2007,2,319.90
UT,2007,3,321.43
UT,2007,4,317.41
UT,2008,1,315.90
UT,2008,2,308.18
UT,2008,3,298.79
UT,2008,4,287.63
UT,2009,1,281.26
UT,2009,2,270.17
UT,2009,3,266.11
UT,2009,4,265.32
UT,2010,1,257.82
UT,2010,2,257.24
UT,2010,3,251.55
UT,2010,4,250.19
UT,2011,1,238.38
UT,2011,2,236.44
UT,2011,3,238.76
UT,2011,4,238.87
UT,2012,1,247.86
UT,2012,2,252.87
UT,2012,3,257.94
UT,2012,4,266.58
UT,2013,1,275.06
UT,2013,2,283.82
UT,2013,3,288.43
UT,2013,4,291.35
VA,1991,1,100.00
VA,1991,2,99.40
VA,1991,3,99.05
VA,1991,4,100.27
VA,1992,1,101.59
VA,1992,2,100.16
VA,1992,3,101.16
VA,1992,4,101.48
VA,1993,1,101.25
VA,1993,2,101.87
VA,1993,3,102.03
VA,1993,4,102.40
VA,1994,1,102.95
VA,1994,2,103.77
VA,1994,3,104.51
VA,1994,4,105.23
VA,1995,1,105.14
VA,1995,2,105.28
VA,1995,3,105.94
VA,1995,4,105.88
VA,1996,1,106.91
VA,1996,2,107.22
VA,1996,3,107.87
VA,1996,4,108.07
VA,1997,1,109.11
VA,1997,2,109.22
VA,1997,3,109.65
VA,1997,4,111.16
VA,1998,1,111.17
VA,1998,2,112.46
VA,1998,3,113.14
VA,1998,4,114.95
VA,1999,1,117.43
VA,1999,2,117.95
VA,1999,3,119.78
VA,1999,4,121.91
VA,2000,1,123.78
VA,2000,2,126.67
VA,2000,3,129.05
VA,2000,4,131.39
VA,2001,1,134.99
VA,2001,2,137.93
VA,2001,3,141.16
VA,2001,4,143.59
VA,2002,1,146.58
VA,2002,2,150.72
VA,2002,3,153.94
VA,2002,4,157.54
VA,2003,1,161.62
VA,2003,2,165.85
VA,2003,3,170.68
VA,2003,4,176.83
VA,2004,1,181.72
VA,2004,2,187.96
VA,2004,3,195.93
VA,2004,4,203.88
VA,2005,1,211.25
VA,2005,2,219.03
VA,2005,3,227.00
VA,2005,4,234.60
VA,2006,1,240.06
VA,2006,2,243.17
VA,2006,3,243.35
VA,2006,4,248.61
VA,2007,1,249.43
VA,2007,2,249.17
VA,2007,3,246.91
VA,2007,4,240.39
VA,2008,1,236.81
VA,2008,2,228.46
VA,2008,3,223.78
VA,2008,4,215.69
VA,2009,1,216.79
VA,2009,2,216.31
VA,2009,3,216.03
VA,2009,4,220.11
VA,2010,1,213.63
VA,2010,2,216.11
VA,2010,3,210.33
VA,2010,4,209.09
VA,2011,1,205.41
VA,2011,2,205.18
VA,2011,3,207.38
VA,2011,4,206.46
VA,2012,1,209.48
VA,2012,2,210.74
VA,2012,3,212.86
VA,2012,4,216.10
VA,2013,1,218.03
VA,2013,2,222.97
VA,2013,3,223.19
VA,2013,4,222.23
VT,1991,1,100.00
VT,1991,2,99.16
VT,1991,3,98.65
VT,1991,4,98.16
VT,1992,1,99.67
VT,1992,2,100.29
VT,1992,3,100.00
VT,1992,4,101.58
VT,1993,1,101.20
VT,1993,2,100.34
VT,1993,3,100.55
VT,1993,4,101.86
VT,1994,1,101.89
VT,1994,2,102.01
VT,1994,3,102.75
VT,1994,4,99.88
VT,1995,1,99.34
VT,1995,2,101.71
VT,1995,3,101.64
VT,1995,4,98.05
VT,1996,1,106.15
VT,1996,2,103.05
VT,1996,3,101.57
VT,1996,4,103.00
VT,1997,1,102.17
VT,1997,2,100.89
VT,1997,3,102.78
VT,1997,4,103.25
VT,1998,1,105.43
VT,1998,2,105.90
VT,1998,3,106.03
VT,1998,4,107.99
VT,1999,1,107.60
VT,1999,2,111.65
VT,1999,3,114.42
VT,1999,4,114.92
VT,2000,1,118.24
VT,2000,2,120.09
VT,2000,3,123.43
VT,2000,4,126.74
VT,2001,1,128.53
VT,2001,2,133.88
VT,2001,3,134.23
VT,2001,4,137.25
VT,2002,1,141.70
VT,2002,2,143.11
VT,2002,3,146.96
VT,2002,4,149.48
VT,2003,1,152.08
VT,2003,2,153.64
VT,2003,3,159.05
VT,2003,4,163.32
VT,2004,1,168.72
VT,2004,2,177.56
VT,2004,3,181.46
VT,2004,4,187.15
VT,2005,1,193.10
VT,2005,2,197.80
VT,2005,3,203.92
VT,2005,4,207.22
VT,2006,1,207.22
VT,2006,2,212.61
VT,2006,3,213.66
VT,2006,4,217.70
VT,2007,1,215.41
VT,2007,2,217.65
VT,2007,3,218.31
VT,2007,4,216.20
VT,2008,1,217.94
VT,2008,2,212.28
VT,2008,3,209.93
VT,2008,4,211.95
VT,2009,1,208.85
VT,2009,2,213.33
VT,2009,3,213.44
VT,2009,4,209.46
VT,2010,1,209.76
VT,2010,2,204.93
VT,2010,3,203.57
VT,2010,4,202.20
VT,2011,1,205.46
VT,2011,2,204.33
VT,2011,3,203.83
VT,2011,4,208.71
VT,2012,1,207.11
VT,2012,2,205.91
VT,2012,3,209.84
VT,2012,4,205.10
VT,2013,1,207.99
VT,2013,2,211.40
VT,2013,3,215.48
VT,2013,4,219.53
WA,1991,1,100.00
WA,1991,2,100.86
WA,1991,3,100.73
WA,1991,4,103.07
WA,1992,1,103.91
WA,1992,2,104.50
WA,1992,3,106.40
WA,1992,4,107.61
WA,1993,1,108.45
WA,1993,2,109.74
WA,1993,3,111.61
WA,1993,4,113.46
WA,1994,1,115.10
WA,1994,2,116.97
WA,1994,3,117.95
WA,1994,4,118.86
WA,1995,1,120.14
WA,1995,2,118.96
WA,1995,3,119.48
WA,1995,4,120.22
WA,1996,1,120.96
WA,1996,2,121.75
WA,1996,3,122.58
WA,1996,4,123.13
WA,1997,1,124.42
WA,1997,2,126.04
WA,1997,3,128.64
WA,1997,4,130.02
WA,1998,1,132.50
WA,1998,2,135.67
WA,1998,3,137.27
WA,1998,4,139.70
WA,1999,1,141.44
WA,1999,2,143.94
WA,1999,3,145.46
WA,1999,4,147.98
WA,2000,1,150.01
WA,2000,2,151.02
WA,2000,3,152.84
WA,2000,4,154.92
WA,2001,1,157.20
WA,2001,2,158.59
WA,2001,3,160.92
WA,2001,4,162.21
WA,2002,1,164.99
WA,2002,2,166.96
WA,2002,3,168.37
WA,2002,4,171.94
WA,2003,1,173.90
WA,2003,2,176.38
WA,2003,3,179.96
WA,2003,4,184.41
WA,2004,1,189.78
WA,2004,2,195.73
WA,2004,3,200.62
WA,2004,4,208.21
WA,2005,1,214.25
WA,2005,2,224.34
WA,2005,3,235.23
WA,2005,4,243.49
WA,2006,1,252.07
WA,2006,2,260.09
WA,2006,3,265.85
WA,2006,4,271.57
WA,2007,1,278.60
WA,2007,2,279.65
WA,2007,3,281.41
WA,2007,4,279.53
WA,2008,1,274.14
WA,2008,2,270.00
WA,2008,3,263.64
WA,2008,4,253.30
WA,2009,1,252.10
WA,2009,2,243.35
WA,2009,3,237.92
WA,2009,4,237.98
WA,2010,1,237.06
WA,2010,2,233.65
WA,2010,3,227.85
WA,2010,4,222.48
WA,2011,1,217.03
WA,2011,2,210.15
WA,2011,3,208.59
WA,2011,4,205.57
WA,2012,1,207.10
WA,2012,2,213.11
WA,2012,3,215.38
WA,2012,4,224.46
WA,2013,1,228.39
WA,2013,2,233.79
WA,2013,3,240.27
WA,2013,4,239.68
WI,1991,1,100.00
WI,1991,2,101.10
WI,1991,3,102.72
WI,1991,4,103.67
WI,1992,1,105.38
WI,1992,2,107.92
WI,1992,3,109.19
WI,1992,4,111.52
WI,1993,1,113.62
WI,1993,2,115.61
WI,1993,3,118.31
WI,1993,4,120.77
WI,1994,1,123.38
WI,1994,2,125.23
WI,1994,3,126.25
WI,1994,4,128.07
WI,1995,1,129.10
WI,1995,2,130.37
WI,1995,3,132.06
WI,1995,4,133.46
WI,1996,1,134.46
WI,1996,2,136.24
WI,1996,3,136.78
WI,1996,4,137.61
WI,1997,1,138.98
WI,1997,2,139.79
WI,1997,3,141.68
WI,1997,4,142.30
WI,1998,1,143.67
WI,1998,2,145.48
WI,1998,3,147.42
WI,1998,4,149.37
WI,1999,1,151.08
WI,1999,2,153.76
WI,1999,3,155.42
WI,1999,4,157.64
WI,2000,1,160.62
WI,2000,2,162.65
WI,2000,3,164.88
WI,2000,4,166.87
WI,2001,1,169.39
WI,2001,2,171.78
WI,2001,3,173.79
WI,2001,4,176.57
WI,2002,1,178.25
WI,2002,2,180.68
WI,2002,3,184.48
WI,2002,4,186.83
WI,2003,1,189.83
WI,2003,2,192.38
WI,2003,3,195.31
WI,2003,4,199.53
WI,2004,1,203.00
WI,2004,2,205.76
WI,2004,3,209.90
WI,2004,4,213.21
WI,2005,1,214.09
WI,2005,2,218.90
WI,2005,3,221.52
WI,2005,4,223.56
WI,2006,1,225.66
WI,2006,2,226.56
WI,2006,3,227.08
WI,2006,4,227.52
WI,2007,1,227.99
WI,2007,2,228.70
WI,2007,3,227.51
WI,2007,4,225.48
WI,2008,1,225.30
WI,2008,2,222.24
WI,2008,3,219.82
WI,2008,4,217.04
WI,2009,1,221.73
WI,2009,2,216.26
WI,2009,3,212.74
WI,2009,4,211.75
WI,2010,1,208.71
WI,2010,2,208.12
WI,2010,3,206.60
WI,2010,4,207.68
WI,2011,1,199.87
WI,2011,2,198.64
WI,2011,3,199.59
WI,2011,4,200.34
WI,2012,1,200.36
WI,2012,2,199.70
WI,2012,3,200.47
WI,2012,4,200.33
WI,2013,1,203.39
WI,2013,2,207.56
WI,2013,3,209.31
WI,2013,4,211.27
WV,1991,1,100.00
WV,1991,2,99.92
WV,1991,3,100.37
WV,1991,4,103.30
WV,1992,1,103.23
WV,1992,2,107.16
WV,1992,3,105.88
WV,1992,4,107.45
WV,1993,1,108.13
WV,1993,2,111.73
WV,1993,3,113.76
WV,1993,4,113.41
WV,1994,1,116.46
WV,1994,2,117.51
WV,1994,3,120.04
WV,1994,4,121.69
WV,1995,1,123.92
WV,1995,2,122.21
WV,1995,3,123.17
WV,1995,4,126.04
WV,1996,1,126.53
WV,1996,2,126.56
WV,1996,3,128.29
WV,1996,4,126.53
WV,1997,1,126.61
WV,1997,2,130.17
WV,1997,3,129.48
WV,1997,4,130.36
WV,1998,1,131.01
WV,1998,2,133.06
WV,1998,3,132.12
WV,1998,4,134.26
WV,1999,1,135.11
WV,1999,2,134.67
WV,1999,3,136.40
WV,1999,4,137.42
WV,2000,1,136.46
WV,2000,2,138.64
WV,2000,3,138.89
WV,2000,4,138.27
WV,2001,1,140.92
WV,2001,2,138.69
WV,2001,3,140.81
WV,2001,4,142.49
WV,2002,1,145.44
WV,2002,2,146.17
WV,2002,3,147.10
WV,2002,4,149.96
WV,2003,1,150.87
WV,2003,2,154.03
WV,2003,3,154.50
WV,2003,4,156.08
WV,2004,1,160.66
WV,2004,2,162.19
WV,2004,3,166.10
WV,2004,4,171.60
WV,2005,1,171.00
WV,2005,2,175.32
WV,2005,3,178.92
WV,2005,4,180.93
WV,2006,1,183.81
WV,2006,2,184.89
WV,2006,3,187.32
WV,2006,4,187.63
WV,2007,1,192.47
WV,2007,2,190.49
WV,2007,3,194.38
WV,2007,4,193.25
WV,2008,1,192.14
WV,2008,2,194.27
WV,2008,3,189.07
WV,2008,4,191.56
WV,2009,1,187.61
WV,2009,2,190.56
WV,2009,3,186.53
WV,2009,4,186.84
WV,2010,1,185.56
WV,2010,2,190.11
WV,2010,3,191.14
WV,2010,4,188.09
WV,2011,1,186.94
WV,2011,2,181.48
WV,2011,3,186.78
WV,2011,4,185.55
WV,2012,1,194.98
WV,2012,2,187.98
WV,2012,3,188.87
WV,2012,4,200.06
WV,2013,1,194.82
WV,2013,2,197.22
WV,2013,3,198.06
WV,2013,4,196.49
WY,1991,1,100.00
WY,1991,2,103.01
WY,1991,3,104.32
WY,1991,4,105.14
WY,1992,1,107.03
WY,1992,2,108.02
WY,1992,3,109.04
WY,1992,4,112.49
WY,1993,1,112.37
WY,1993,2,115.07
WY,1993,3,119.02
WY,1993,4,122.93
WY,1994,1,127.36
WY,1994,2,128.48
WY,1994,3,132.10
WY,1994,4,134.40
WY,1995,1,136.92
WY,1995,2,139.58
WY,1995,3,139.75
WY,1995,4,143.79
WY,1996,1,144.94
WY,1996,2,145.44
WY,1996,3,146.24
WY,1996,4,146.07
WY,1997,1,146.81
WY,1997,2,149.49
WY,1997,3,149.61
WY,1997,4,150.62
WY,1998,1,152.60
WY,1998,2,153.20
WY,1998,3,154.84
WY,1998,4,155.03
WY,1999,1,156.43
WY,1999,2,156.43
WY,1999,3,159.78
WY,1999,4,161.02
WY,2000,1,162.64
WY,2000,2,165.26
WY,2000,3,164.00
WY,2000,4,169.32
WY,2001,1,168.77
WY,2001,2,171.74
WY,2001,3,174.58
WY,2001,4,179.74
WY,2002,1,183.71
WY,2002,2,187.57
WY,2002,3,189.35
WY,2002,4,193.76
WY,2003,1,193.19
WY,2003,2,200.86
WY,2003,3,206.08
WY,2003,4,208.57
WY,2004,1,215.77
WY,2004,2,218.78
WY,2004,3,224.66
WY,2004,4,229.21
WY,2005,1,235.46
WY,2005,2,241.58
WY,2005,3,250.16
WY,2005,4,258.73
WY,2006,1,267.64
WY,2006,2,272.95
WY,2006,3,278.06
WY,2006,4,292.79
WY,2007,1,295.42
WY,2007,2,302.62
WY,2007,3,305.61
WY,2007,4,303.40
WY,2008,1,304.85
WY,2008,2,300.81
WY,2008,3,301.66
WY,2008,4,303.24
WY,2009,1,287.92
WY,2009,2,291.50
WY,2009,3,289.55
WY,2009,4,285.39
WY,2010,1,284.19
WY,2010,2,283.44
WY,2010,3,277.22
WY,2010,4,279.56
WY,2011,1,283.56
WY,2011,2,284.96
WY,2011,3,283.99
WY,2011,4,276.31
WY,2012,1,285.75
WY,2012,2,290.47
WY,2012,3,295.85
WY,2012,4,298.69
WY,2013,1,292.37
WY,2013,2,298.21
WY,2013,3,303.54
WY,2013,4,308.37
